id,departement,annee_universitaire,budget,depenses,taux_execution_pct
1,Informatique et Mathématiques,2020-2021,846608.59,768906.69,90.82
2,Génie Électrique et Réseaux,2020-2021,883180.98,835324.39,94.58
3,Génie Industriel,2020-2021,891191.3,872831.59,97.94
4,Enseignements Généraux,2020-2021,642778.21,588875.23,91.61
5,Direction,2020-2021,1213498.85,1178156.25,97.09
6,Scolarité & Administration,2020-2021,449816.86,474685.36,105.53
7,Ressources Humaines,2020-2021,387521.2,350172.39,90.36
8,Infrastructure et Maintenance,2020-2021,703141.71,636183.14,90.48
9,Recherche et Innovation,2020-2021,606275.82,528518.49,87.17
10,Bibliothèque et Documentation,2020-2021,201136.6,175121.88,87.07
11,Informatique et Mathématiques,2021-2022,871382.98,644541.18,73.97
12,Génie Électrique et Réseaux,2021-2022,971225.6,787141.96,81.05
13,Génie Industriel,2021-2022,899715.06,670481.08,74.52
14,Enseignements Généraux,2021-2022,655041.01,559637.93,85.44
15,Direction,2021-2022,1224858.83,1098858.62,89.71
16,Scolarité & Administration,2021-2022,464718.07,403971.42,86.93
17,Ressources Humaines,2021-2022,384523.21,277333.2,72.12
18,Infrastructure et Maintenance,2021-2022,733237.26,710648.23,96.92
19,Recherche et Innovation,2021-2022,634512.66,461178.08,72.68
20,Bibliothèque et Documentation,2021-2022,204815.17,171644.99,83.8
21,Informatique et Mathématiques,2022-2023,924625.43,838009.2,90.63
22,Génie Électrique et Réseaux,2022-2023,970639.82,873725.51,90.02
23,Génie Industriel,2022-2023,931822.05,851124.06,91.34
24,Enseignements Généraux,2022-2023,678012.79,560822.57,82.72
25,Direction,2022-2023,1287777.92,1122918.75,87.2
26,Scolarité & Administration,2022-2023,485981.04,409837.85,84.33
27,Ressources Humaines,2022-2023,408220.14,352687.19,86.4
28,Infrastructure et Maintenance,2022-2023,728122.75,607201.56,83.39
29,Recherche et Innovation,2022-2023,649100.22,610410.76,94.04
30,Bibliothèque et Documentation,2022-2023,213736.7,203613.63,95.26
31,Informatique et Mathématiques,2023-2024,903834.55,875052.09,96.82
32,Génie Électrique et Réseaux,2023-2024,1011282.92,906842.39,89.67
33,Génie Industriel,2023-2024,961115.29,773606.04,80.49
34,Enseignements Généraux,2023-2024,702421.98,556329.6,79.2
35,Direction,2023-2024,1301818.2,1059919.01,81.42
36,Scolarité & Administration,2023-2024,492411.77,461377.42,93.7
37,Ressources Humaines,2023-2024,416180.01,310518.95,74.61
38,Infrastructure et Maintenance,2023-2024,756820.4,608183.63,80.36
39,Recherche et Innovation,2023-2024,637441.42,477086.2,74.84
40,Bibliothèque et Documentation,2023-2024,220293.78,185100.44,84.02
41,Informatique et Mathématiques,2024-2025,965510.82,790709.64,81.9
42,Génie Électrique et Réseaux,2024-2025,1031108.98,888748.92,86.19
43,Génie Industriel,2024-2025,989515.16,931121.7,94.1
44,Enseignements Généraux,2024-2025,717714.26,769104.78,107.16
45,Direction,2024-2025,1332925.36,1167768.82,87.61
46,Scolarité & Administration,2024-2025,504852.56,377909.11,74.86
47,Ressources Humaines,2024-2025,424623.78,374303.27,88.15
48,Infrastructure et Maintenance,2024-2025,826664.64,690490.48,83.53
49,Recherche et Innovation,2024-2025,666887.29,493733.27,74.04
50,Bibliothèque et Documentation,2024-2025,220867.02,185637.63,84.05
