id,nom,prenom,sexe,date_naissance,email,filiere_id,annee_cursus,annee_entree,ville_origine
1,Fennich,Yasmine,F,2004-02-21,yasmine.fennich@uit.ac.ma,1,4,2022,Sidi Kacem
2,Boukhari,Zakaria,M,2000-03-24,zakaria.boukhari@uit.ac.ma,1,5,2020,Larache
3,El Filali,Mohamed,M,1997-03-18,mohamed.elfilali@uit.ac.ma,1,5,2020,Kénitra
4,Mansouri,Karim,M,2000-06-26,karim.mansouri@uit.ac.ma,1,5,2020,Kénitra
5,Benlahcen,Mehdi,M,1998-07-20,mehdi.benlahcen@uit.ac.ma,1,5,2020,Casablanca
6,El Hassani,Saad,M,2006-03-24,saad.elhassani@uit.ac.ma,1,2,2024,Meknès
7,El Yousfi,Mehdi,M,1998-02-13,mehdi.elyousfi@uit.ac.ma,1,5,2021,Kénitra
8,Chraibi,Jamal,M,2002-04-01,jamal.chraibi@uit.ac.ma,1,5,2021,Salé
9,Boukhari,Ali,M,1998-09-13,ali.boukhari@uit.ac.ma,1,5,2021,Tanger
10,El Hassani,Younes,M,2003-01-04,younes.elhassani@uit.ac.ma,1,3,2023,Oujda
11,Mansouri,Siham,F,2001-02-13,siham.mansouri@uit.ac.ma,1,3,2023,Oujda
12,Alaoui,Adnane,M,2000-11-24,adnane.alaoui@uit.ac.ma,1,4,2022,Salé
13,El Mesaoudi,Zakaria,M,2004-12-10,zakaria.elmesaoudi@uit.ac.ma,1,4,2022,Tanger
14,Afilal,Mounir,M,2002-04-14,mounir.afilal@uit.ac.ma,1,5,2021,Sidi Kacem
15,El Mernissi,Lamia,F,1999-01-10,lamia.elmernissi@uit.ac.ma,1,5,2021,Fès
16,Ennaji,Kawtar,F,2001-08-22,kawtar.ennaji@uit.ac.ma,1,4,2022,Salé
17,Benlahcen,Hind,F,1998-11-21,hind.benlahcen@uit.ac.ma,1,5,2020,Oujda
18,Regragui,Ghita,F,2003-03-01,ghita.regragui@uit.ac.ma,1,4,2022,Kénitra
19,Benkirane,Ali,M,1999-10-07,ali.benkirane@uit.ac.ma,1,4,2022,Sidi Kacem
20,El Ansari,Mohamed,M,2006-07-08,mohamed.elansari@uit.ac.ma,1,2,2024,Casablanca
21,El Amrani,Asma,F,2004-08-05,asma.elamrani@uit.ac.ma,1,4,2022,Larache
22,Lahlou,Kawtar,F,2003-10-27,kawtar.lahlou@uit.ac.ma,1,2,2024,Tanger
23,Nadori,Nora,F,2002-08-09,nora.nadori@uit.ac.ma,1,3,2023,Salé
24,Slaoui,Sami,M,2003-08-03,sami.slaoui@uit.ac.ma,1,3,2023,Fès
25,Bouazza,Ayoub,M,2001-07-23,ayoub.bouazza@uit.ac.ma,1,5,2020,Casablanca
26,Bakkali,Soufiane,M,2001-01-07,soufiane.bakkali@uit.ac.ma,1,4,2022,Sidi Kacem
27,El Ansari,Khadija,F,2002-01-12,khadija.elansari@uit.ac.ma,1,3,2023,Fès
28,Kettani,Layla,F,2001-10-08,layla.kettani@uit.ac.ma,1,3,2023,Larache
29,Taqi,Ahmed,M,1999-07-24,ahmed.taqi@uit.ac.ma,1,4,2022,Casablanca
30,Kettani,Lamia,F,1999-10-19,lamia.kettani@uit.ac.ma,1,5,2020,Kénitra
31,El Hassani,Jamal,M,1999-06-07,jamal.elhassani@uit.ac.ma,1,5,2020,Larache
32,El Yousfi,Nihal,F,2002-05-27,nihal.elyousfi@uit.ac.ma,1,3,2023,Rabat
33,Chraibi,Sara,F,2003-11-02,sara.chraibi@uit.ac.ma,1,5,2021,Kénitra
34,El Mesaoudi,Ahmed,M,2002-08-22,ahmed.elmesaoudi@uit.ac.ma,1,5,2021,Rabat
35,Boukhari,Younes,M,2000-10-24,younes.boukhari@uit.ac.ma,1,4,2022,Rabat
36,Tazi,Hicham,M,2003-10-22,hicham.tazi@uit.ac.ma,1,3,2023,Sidi Kacem
37,Boudouma,Leila,F,2000-04-04,leila.boudouma@uit.ac.ma,1,3,2023,Fès
38,Zerrouq,Anas,M,2006-06-18,anas.zerrouq@uit.ac.ma,1,2,2024,Sidi Kacem
39,Alaoui,Zakaria,M,2003-02-14,zakaria.alaoui@uit.ac.ma,1,2,2024,Meknès
40,Mansouri,Houda,F,1999-11-09,houda.mansouri@uit.ac.ma,1,5,2021,Oujda
41,Benkirane,Mostafa,M,1999-10-09,mostafa.benkirane@uit.ac.ma,1,4,2022,Meknès
42,El Yousfi,Amina,F,2005-08-19,amina.elyousfi@uit.ac.ma,1,2,2024,Oujda
43,Lahlou,Ismail,M,2002-06-26,ismail.lahlou@uit.ac.ma,1,5,2021,Fès
44,Lemrini,Chaima,F,2001-02-08,chaima.lemrini@uit.ac.ma,1,5,2020,Sidi Kacem
45,Ennaji,Dina,F,2002-01-03,dina.ennaji@uit.ac.ma,1,3,2023,Fès
46,Benlahcen,Manal,F,2002-09-17,manal.benlahcen@uit.ac.ma,1,3,2023,Meknès
47,Chraibi,Wiam,F,2003-05-09,wiam.chraibi@uit.ac.ma,1,3,2023,Salé
48,Abdelmoumen,Anas,M,1999-03-07,anas.abdelmoumen@uit.ac.ma,1,4,2022,Salé
49,El Ansari,Marouane,M,2002-02-27,marouane.elansari@uit.ac.ma,1,4,2022,Salé
50,Alaoui,Hicham,M,2004-05-02,hicham.alaoui@uit.ac.ma,1,3,2023,Kénitra
51,Tahiri,Meryem,F,2003-02-28,meryem.tahiri@uit.ac.ma,1,2,2024,Kénitra
52,Bakkali,Khalid,M,2003-05-28,khalid.bakkali@uit.ac.ma,1,5,2021,Larache
53,Cherkaoui,Ismail,M,2000-01-05,ismail.cherkaoui@uit.ac.ma,1,3,2023,Casablanca
54,Ziani,Amina,F,1999-10-20,amina.ziani@uit.ac.ma,1,5,2020,Oujda
55,Bouzidi,Khalid,M,1999-07-10,khalid.bouzidi@uit.ac.ma,1,5,2021,Oujda
56,El Ansari,Hamza,M,2002-05-22,hamza.elansari@uit.ac.ma,1,5,2021,Rabat
57,Nadori,Ali,M,1999-12-20,ali.nadori@uit.ac.ma,1,5,2020,Larache
58,Afilal,Walid,M,2006-11-08,walid.afilal@uit.ac.ma,1,2,2024,Fès
59,Mansouri,Sanaa,F,2001-11-05,sanaa.mansouri@uit.ac.ma,1,5,2020,Fès
60,Zerrouq,Saad,M,1998-10-10,saad.zerrouq@uit.ac.ma,1,5,2021,Larache
61,El Yousfi,Samira,F,2001-08-03,samira.elyousfi@uit.ac.ma,1,4,2022,Oujda
62,Hilali,Othmane,M,2003-04-22,othmane.hilali@uit.ac.ma,1,5,2021,Oujda
63,El Mernissi,Adam,M,2001-08-17,adam.elmernissi@uit.ac.ma,1,5,2020,Larache
64,Mansouri,Marouane,M,2002-02-16,marouane.mansouri@uit.ac.ma,1,3,2023,Meknès
65,Nadori,Hamza,M,1999-08-10,hamza.nadori@uit.ac.ma,1,4,2022,Sidi Kacem
66,Bouazza,Jamal,M,2002-02-25,jamal.bouazza@uit.ac.ma,1,4,2022,Sidi Kacem
67,Benlahcen,Fatima,F,2003-07-02,fatima.benlahcen@uit.ac.ma,1,2,2024,Salé
68,Tahiri,Soukaina,F,2004-04-09,soukaina.tahiri@uit.ac.ma,1,4,2022,Tanger
69,El Filali,Ismail,M,1997-10-26,ismail.elfilali@uit.ac.ma,1,5,2020,Salé
70,Lemrini,Mohamed,M,2003-02-15,mohamed.lemrini@uit.ac.ma,1,4,2022,Rabat
71,Fennich,Walid,M,2002-08-16,walid.fennich@uit.ac.ma,1,3,2023,Salé
72,Hilali,Rachid,M,2003-02-09,rachid.hilali@uit.ac.ma,1,4,2022,Sidi Kacem
73,Alaoui,Chaima,F,2001-10-19,chaima.alaoui@uit.ac.ma,1,5,2021,Larache
74,Chraibi,Mostafa,M,2000-07-15,mostafa.chraibi@uit.ac.ma,1,4,2022,Meknès
75,El Mernissi,Ghita,F,2001-01-11,ghita.elmernissi@uit.ac.ma,1,4,2022,Larache
76,Benlahcen,Nihal,F,2000-03-16,nihal.benlahcen@uit.ac.ma,1,3,2023,Kénitra
77,Tazi,Wiam,F,2003-02-17,,1,2,2024,Larache
78,Cherkaoui,Karim,M,2002-06-20,karim.cherkaoui@uit.ac.ma,1,4,2022,Sidi Kacem
79,Taqi,Bouchra,F,2001-12-25,bouchra.taqi@uit.ac.ma,1,2,2024,Larache
80,Ziani,Ali,M,2003-04-24,ali.ziani@uit.ac.ma,1,3,2023,Rabat
81,Bouzidi,Hamza,M,2001-01-02,hamza.bouzidi@uit.ac.ma,1,5,2021,Meknès
82,Mansouri,Amine,M,1999-07-19,amine.mansouri@uit.ac.ma,1,5,2021,Casablanca
83,El Mesaoudi,Reda,M,2002-10-05,reda.elmesaoudi@uit.ac.ma,1,3,2023,Salé
84,Benlahcen,Younes,M,1999-05-22,younes.benlahcen@uit.ac.ma,1,5,2020,Tanger
85,Boudouma,Ilyass,M,2000-12-09,ilyass.boudouma@uit.ac.ma,1,5,2021,Larache
86,El Baraka,Reda,M,1999-10-12,reda.elbaraka@uit.ac.ma,1,5,2020,Oujda
87,Benlahcen,Khadija,F,2004-10-28,khadija.benlahcen@uit.ac.ma,1,4,2022,Kénitra
88,Boukhari,Hafsa,F,2001-06-08,hafsa.boukhari@uit.ac.ma,1,3,2023,Salé
89,Tahiri,Meryem,F,1997-11-02,meryem.tahiri1@uit.ac.ma,1,5,2020,Fès
90,Aftyss,Amine,M,2000-06-24,amine.aftyss@uit.ac.ma,1,5,2020,Sidi Kacem
91,El Fathi,Ayoub,M,2002-03-09,ayoub.elfathi@uit.ac.ma,1,4,2022,Larache
92,El Filali,Zakaria,M,2004-03-25,zakaria.elfilali@uit.ac.ma,1,4,2022,Salé
93,Lemrini,Samira,F,2001-01-09,samira.lemrini@uit.ac.ma,1,4,2022,Tanger
94,Boudouma,Younes,M,1999-06-04,younes.boudouma@uit.ac.ma,1,4,2022,Salé
95,Lahlou,Rayan,M,2005-11-03,rayan.lahlou@uit.ac.ma,1,2,2024,Larache
96,El Filali,Soufiane,M,2002-05-16,soufiane.elfilali@uit.ac.ma,1,5,2020,Rabat
97,Taqi,Meryem,F,1999-12-23,meryem.taqi@uit.ac.ma,1,4,2022,Tanger
98,El Ghazi,Houda,F,2002-10-14,houda.elghazi@uit.ac.ma,1,3,2023,Fès
99,Bouzidi,Khalid,M,2004-02-22,khalid.bouzidi1@uit.ac.ma,1,2,2024,Meknès
100,El Amrani,Ikram,F,2003-02-28,ikram.elamrani@uit.ac.ma,1,4,2022,Larache
101,Benali,Abdelkarim,M,2000-04-05,abdelkarim.benali@uit.ac.ma,1,5,2020,Oujda
102,Squalli,Salma,F,2004-06-25,salma.squalli@uit.ac.ma,1,3,2023,Casablanca
103,Sabri,Adam,M,2002-05-26,adam.sabri@uit.ac.ma,1,2,2024,Casablanca
104,Alaoui,Meryem,F,2003-10-11,meryem.alaoui@uit.ac.ma,1,4,2022,Kénitra
105,El Hajji,Soufiane,M,2002-08-15,soufiane.elhajji@uit.ac.ma,1,5,2020,Meknès
106,El Ouazzani,Nassim,M,2006-12-26,nassim.elouazzani@uit.ac.ma,1,2,2024,Tanger
107,El Amrani,Khadija,F,2003-07-22,khadija.elamrani@uit.ac.ma,1,2,2024,Rabat
108,Bouazza,Leila,F,2003-02-05,leila.bouazza@uit.ac.ma,1,4,2022,Fès
109,Taqi,Othmane,M,2002-05-15,othmane.taqi@uit.ac.ma,1,2,2024,Tanger
110,Ennaji,Anas,M,2001-12-28,anas.ennaji@uit.ac.ma,1,3,2023,Salé
111,Bakkali,Layla,F,2003-07-24,layla.bakkali@uit.ac.ma,1,2,2024,Rabat
112,El Fathi,Younes,M,2001-08-03,younes.elfathi@uit.ac.ma,1,2,2024,Rabat
113,Abdelmoumen,Hamza,M,2004-09-02,hamza.abdelmoumen@uit.ac.ma,1,3,2023,Oujda
114,El Ghazi,Anas,M,1999-07-28,anas.elghazi@uit.ac.ma,1,4,2022,Kénitra
115,Tazi,Ilyass,M,2004-03-22,ilyass.tazi@uit.ac.ma,1,3,2023,Larache
116,El Fathi,Rayan,M,2000-10-08,rayan.elfathi@uit.ac.ma,1,5,2020,Sidi Kacem
117,El Mesaoudi,Lamia,F,2001-01-20,lamia.elmesaoudi@uit.ac.ma,1,3,2023,Fès
118,Bakkali,Hicham,M,2003-03-19,hicham.bakkali@uit.ac.ma,1,4,2022,Sidi Kacem
119,Bouazza,Khadija,F,2004-07-14,khadija.bouazza@uit.ac.ma,1,3,2023,Larache
120,Boukhari,Othmane,M,2002-02-02,othmane.boukhari@uit.ac.ma,1,2,2024,Casablanca
121,El Yousfi,Hassan,M,2001-08-20,hassan.elyousfi@uit.ac.ma,1,4,2022,Larache
122,El Filali,Nassim,M,2004-05-22,nassim.elfilali@uit.ac.ma,1,4,2022,Oujda
123,El Ouazzani,Nadia,F,2000-01-01,nadia.elouazzani@uit.ac.ma,1,4,2022,Salé
124,El Ansari,Ibrahim,M,2001-02-01,ibrahim.elansari@uit.ac.ma,1,5,2021,Larache
125,Kettani,Reda,M,2001-09-27,reda.kettani@uit.ac.ma,1,3,2023,Meknès
126,Mansouri,Nadia,F,2002-06-19,nadia.mansouri@uit.ac.ma,1,5,2020,Sidi Kacem
127,Moussaoui,Layla,F,2002-06-06,layla.moussaoui@uit.ac.ma,1,5,2020,Oujda
128,Bouazza,Oumaima,F,2004-04-14,oumaima.bouazza@uit.ac.ma,1,4,2022,Oujda
129,Abdelmoumen,Hicham,M,2002-03-03,hicham.abdelmoumen@uit.ac.ma,1,4,2022,Tanger
130,Boukhari,Rachid,M,1999-11-27,rachid.boukhari@uit.ac.ma,1,4,2022,Casablanca
131,El Hassani,Rachid,M,2000-02-06,rachid.elhassani@uit.ac.ma,1,3,2023,Larache
132,Bouzidi,Marouane,M,2001-11-21,marouane.bouzidi@uit.ac.ma,1,3,2023,Oujda
133,Sabri,Siham,F,2001-08-21,siham.sabri@uit.ac.ma,1,4,2022,Fès
134,Fennich,Ilyass,M,1999-08-02,ilyass.fennich@uit.ac.ma,1,5,2020,Kénitra
135,El Mesaoudi,Hassan,M,2002-08-19,hassan.elmesaoudi@uit.ac.ma,1,3,2023,Tanger
136,Bouzidi,Nadia,F,2002-11-07,nadia.bouzidi@uit.ac.ma,1,2,2024,Meknès
137,Bouzidi,Omar,M,2000-12-03,omar.bouzidi@uit.ac.ma,1,5,2020,Tanger
138,Bouzidi,Khalid,M,2000-03-12,khalid.bouzidi2@uit.ac.ma,1,4,2022,Meknès
139,Regragui,Zakaria,M,2000-11-11,zakaria.regragui@uit.ac.ma,1,3,2023,Rabat
140,Moussaoui,Reda,M,1998-10-28,reda.moussaoui@uit.ac.ma,1,5,2021,Casablanca
141,Chraibi,Karim,M,1999-12-22,karim.chraibi@uit.ac.ma,1,4,2022,Sidi Kacem
142,El Khatib,Amina,F,1999-06-27,amina.elkhatib@uit.ac.ma,1,4,2022,Casablanca
143,Bouazza,Jihane,F,2002-09-12,jihane.bouazza@uit.ac.ma,1,3,2023,Kénitra
144,Bakkali,Nabil,M,2003-04-08,nabil.bakkali@uit.ac.ma,1,2,2024,Casablanca
145,Fennich,Hamza,M,2000-09-02,hamza.fennich@uit.ac.ma,1,3,2023,Meknès
146,Taqi,Abdelkarim,M,2002-12-25,abdelkarim.taqi@uit.ac.ma,1,5,2021,Oujda
147,Idrissi,Khalid,M,1999-12-08,khalid.idrissi@uit.ac.ma,1,4,2022,Larache
148,El Ouazzani,Nora,F,2002-08-27,nora.elouazzani@uit.ac.ma,1,4,2022,Salé
149,Benkirane,Nora,F,2002-09-17,nora.benkirane@uit.ac.ma,1,3,2023,Sidi Kacem
150,Benomar,Kawtar,F,2006-11-16,kawtar.benomar@uit.ac.ma,1,2,2024,Meknès
151,El Filali,Sami,M,2002-05-15,sami.elfilali@uit.ac.ma,1,5,2021,Tanger
152,Bouzidi,Bilal,M,2006-07-02,bilal.bouzidi@uit.ac.ma,1,2,2024,Sidi Kacem
153,El Fathi,Hassan,M,2001-02-27,hassan.elfathi@uit.ac.ma,1,5,2021,Meknès
154,El Baraka,Walid,M,2004-12-16,walid.elbaraka@uit.ac.ma,1,3,2023,Larache
155,Bensaid,Khadija,F,2002-09-24,khadija.bensaid@uit.ac.ma,1,5,2021,Oujda
156,Ziani,Walid,M,2003-04-14,walid.ziani@uit.ac.ma,1,5,2021,Oujda
157,Hilali,Ismail,M,1999-09-19,ismail.hilali@uit.ac.ma,1,4,2022,Salé
158,El Mesaoudi,Mohamed,M,2000-07-06,mohamed.elmesaoudi@uit.ac.ma,1,4,2022,Rabat
159,Kettani,Sami,M,2000-09-01,sami.kettani@uit.ac.ma,1,4,2022,Sidi Kacem
160,El Fathi,Reda,M,2003-06-26,reda.elfathi@uit.ac.ma,1,5,2021,Rabat
161,Boukhari,Zineb,F,2003-03-02,zineb.boukhari@uit.ac.ma,1,3,2023,Meknès
162,Boukhari,Imane,F,2000-08-21,imane.boukhari@uit.ac.ma,1,3,2023,Casablanca
163,Idrissi,Jamal,M,2003-04-02,jamal.idrissi@uit.ac.ma,1,5,2021,Meknès
164,El Baraka,Ayoub,M,1998-04-10,ayoub.elbaraka@uit.ac.ma,1,5,2021,Meknès
165,El Yousfi,Zakaria,M,2000-07-13,zakaria.elyousfi@uit.ac.ma,1,5,2020,Larache
166,Slaoui,Tariq,M,2003-09-09,tariq.slaoui@uit.ac.ma,1,3,2023,Rabat
167,El Hassani,Abdelkarim,M,2002-02-03,abdelkarim.elhassani@uit.ac.ma,1,4,2022,Meknès
168,Benhaddane,Abdelkarim,M,1999-08-12,abdelkarim.benhaddane@uit.ac.ma,1,4,2022,Larache
169,El Mesaoudi,Ikram,F,2004-11-26,ikram.elmesaoudi@uit.ac.ma,1,2,2024,Kénitra
170,Fennich,Oumaima,F,2001-03-01,oumaima.fennich@uit.ac.ma,1,2,2024,Casablanca
171,Idrissi,Nora,F,2001-11-12,nora.idrissi@uit.ac.ma,1,5,2020,Meknès
172,Sabri,Abdelkarim,M,2003-06-15,abdelkarim.sabri@uit.ac.ma,1,3,2023,Rabat
173,Lahlou,Mounir,M,2004-02-01,mounir.lahlou@uit.ac.ma,1,3,2023,Casablanca
174,El Filali,Rayan,M,2001-12-15,rayan.elfilali@uit.ac.ma,1,5,2021,Salé
175,Berrada,Ismail,M,2002-08-06,ismail.berrada@uit.ac.ma,1,5,2020,Larache
176,Benlahcen,Siham,F,2004-09-18,siham.benlahcen@uit.ac.ma,1,4,2022,Fès
177,Zerrouq,Imane,F,2003-02-07,imane.zerrouq@uit.ac.ma,1,4,2022,Casablanca
178,Lemrini,Amine,M,2002-09-05,amine.lemrini@uit.ac.ma,1,3,2023,Oujda
179,Benhaddane,Mounir,M,2001-07-25,mounir.benhaddane@uit.ac.ma,1,3,2023,Sidi Kacem
180,Ennaji,Othmane,M,1999-11-17,othmane.ennaji@uit.ac.ma,1,5,2020,Meknès
181,Tahiri,Salma,F,2004-07-17,salma.tahiri@uit.ac.ma,1,3,2023,Kénitra
182,Nadori,Hicham,M,1998-04-12,hicham.nadori@uit.ac.ma,1,5,2021,Tanger
183,Berrada,Yasmine,F,2001-05-05,yasmine.berrada@uit.ac.ma,1,3,2023,Fès
184,Boudouma,Saad,M,2005-03-22,saad.boudouma@uit.ac.ma,1,2,2024,Oujda
185,Idrissi,Samir,M,2006-02-02,samir.idrissi@uit.ac.ma,1,2,2024,Oujda
186,El Ghazi,Samir,M,2005-08-21,samir.elghazi@uit.ac.ma,1,3,2023,Tanger
187,Ziani,Dina,F,2001-07-10,dina.ziani@uit.ac.ma,1,2,2024,Larache
188,El Ghazi,Khalid,M,2003-06-20,khalid.elghazi@uit.ac.ma,1,4,2022,Casablanca
189,Rahmouni,Ikram,F,2000-09-18,ikram.rahmouni@uit.ac.ma,1,5,2020,Rabat
190,Bouzidi,Adam,M,2003-01-10,adam.bouzidi@uit.ac.ma,1,5,2021,Sidi Kacem
191,Lahlou,Saad,M,2001-06-07,saad.lahlou@uit.ac.ma,1,2,2024,Casablanca
192,El Khatib,Ismail,M,2004-07-17,ismail.elkhatib@uit.ac.ma,1,4,2022,Larache
193,El Amrani,Ilyass,M,1999-10-27,ilyass.elamrani@uit.ac.ma,1,5,2020,Larache
194,Mansouri,Hamza,M,2000-12-12,hamza.mansouri@uit.ac.ma,1,5,2020,Sidi Kacem
195,Lemrini,Samir,M,1999-05-03,samir.lemrini@uit.ac.ma,1,5,2021,Sidi Kacem
196,El Mesaoudi,Chaima,F,2005-03-04,chaima.elmesaoudi@uit.ac.ma,1,3,2023,Sidi Kacem
197,El Fathi,Salma,F,2004-10-17,salma.elfathi@uit.ac.ma,1,3,2023,Sidi Kacem
198,Benhaddane,Ibrahim,M,2001-09-15,ibrahim.benhaddane@uit.ac.ma,1,4,2022,Casablanca
199,El Mesaoudi,Othmane,M,2001-10-24,othmane.elmesaoudi@uit.ac.ma,1,4,2022,Fès
200,Kettani,Nassim,M,2000-05-16,nassim.kettani@uit.ac.ma,1,4,2022,Kénitra
201,Boudouma,Layla,F,1998-12-21,layla.boudouma@uit.ac.ma,1,5,2021,Kénitra
202,El Mernissi,Marouane,M,2003-10-16,marouane.elmernissi@uit.ac.ma,1,5,2021,Casablanca
203,Sabri,Nihal,F,2005-01-19,nihal.sabri@uit.ac.ma,1,2,2024,Rabat
204,Sabri,Soufiane,M,2003-07-17,soufiane.sabri@uit.ac.ma,1,4,2022,Oujda
205,Benhaddane,Sara,F,2001-09-11,sara.benhaddane@uit.ac.ma,1,5,2020,Larache
206,Benkirane,Tariq,M,2004-09-12,tariq.benkirane@uit.ac.ma,1,2,2024,Fès
207,El Yousfi,Mehdi,M,2003-05-25,mehdi.elyousfi1@uit.ac.ma,1,4,2022,Fès
208,Lahlou,Soukaina,F,2000-12-09,soukaina.lahlou@uit.ac.ma,1,4,2022,Fès
209,Rahmouni,Nihal,F,2005-05-02,nihal.rahmouni@uit.ac.ma,1,2,2024,Fès
210,Ennaji,Khalid,M,2000-04-07,khalid.ennaji@uit.ac.ma,1,5,2021,Tanger
211,Benomar,Adam,M,1997-10-08,adam.benomar@uit.ac.ma,1,5,2020,Salé
212,Tahiri,Rim,F,2003-07-11,rim.tahiri@uit.ac.ma,1,5,2021,Larache
213,Lemrini,Fatima,F,2005-07-21,fatima.lemrini@uit.ac.ma,1,2,2024,Larache
214,Lahlou,Walid,M,2003-02-21,walid.lahlou@uit.ac.ma,1,5,2021,Oujda
215,El Hassani,Nadia,F,2003-01-27,nadia.elhassani@uit.ac.ma,1,4,2022,Sidi Kacem
216,Idrissi,Walid,M,1998-10-04,walid.idrissi@uit.ac.ma,1,5,2020,Meknès
217,El Hajji,Bouchra,F,2003-09-15,bouchra.elhajji@uit.ac.ma,1,4,2022,Fès
218,Aftyss,Saad,M,2002-12-06,saad.aftyss@uit.ac.ma,1,4,2022,Kénitra
219,Regragui,Nour,F,2004-10-28,nour.regragui@uit.ac.ma,1,3,2023,Sidi Kacem
220,Rahmouni,Hassan,M,2004-03-16,hassan.rahmouni@uit.ac.ma,1,3,2023,Meknès
221,Ziani,Reda,M,2002-06-10,reda.ziani@uit.ac.ma,1,4,2022,Oujda
222,Afilal,Amine,M,1998-02-15,amine.afilal@uit.ac.ma,1,5,2021,Fès
223,Afilal,Manal,F,2000-06-20,manal.afilal@uit.ac.ma,1,5,2020,Salé
224,Benkirane,Karim,M,2001-06-14,karim.benkirane@uit.ac.ma,1,3,2023,Tanger
225,El Ansari,Loubna,F,1999-02-17,loubna.elansari@uit.ac.ma,1,5,2021,Larache
226,El Filali,Samir,M,1998-09-07,samir.elfilali@uit.ac.ma,1,5,2020,Oujda
227,Bouzidi,Sami,M,2001-12-19,sami.bouzidi@uit.ac.ma,1,5,2020,Larache
228,Benkirane,Omar,M,1999-08-19,omar.benkirane@uit.ac.ma,1,5,2020,Kénitra
229,Aftyss,Manal,F,2000-01-24,manal.aftyss@uit.ac.ma,1,5,2020,Salé
230,Afilal,Ilyass,M,2002-02-16,ilyass.afilal@uit.ac.ma,1,5,2020,Kénitra
231,Boukhari,Ibrahim,M,2000-11-14,ibrahim.boukhari@uit.ac.ma,1,3,2023,Meknès
232,Taqi,Reda,M,1997-09-05,reda.taqi@uit.ac.ma,1,5,2020,Meknès
233,El Hajji,Samira,F,2001-01-25,samira.elhajji@uit.ac.ma,1,5,2020,Kénitra
234,Mansouri,Ayoub,M,2003-04-15,ayoub.mansouri@uit.ac.ma,1,4,2022,Meknès
235,Idrissi,Anas,M,2003-10-25,anas.idrissi@uit.ac.ma,1,2,2024,Kénitra
236,Idrissi,Abdelkarim,M,1999-12-28,abdelkarim.idrissi@uit.ac.ma,1,4,2022,Kénitra
237,El Ouazzani,Khalid,M,2004-03-17,khalid.elouazzani@uit.ac.ma,1,4,2022,Fès
238,Lahlou,Nour,F,2000-06-08,nour.lahlou@uit.ac.ma,1,3,2023,Fès
239,El Ouazzani,Jihane,F,2002-01-18,jihane.elouazzani@uit.ac.ma,1,4,2022,Oujda
240,Lemrini,Rania,F,2002-11-22,rania.lemrini@uit.ac.ma,1,4,2022,Sidi Kacem
241,El Ghazi,Soufiane,M,2000-03-25,soufiane.elghazi@uit.ac.ma,1,5,2021,Tanger
242,Benhaddane,Manal,F,2000-01-18,manal.benhaddane@uit.ac.ma,1,5,2021,Sidi Kacem
243,Taqi,Ibrahim,M,2002-06-21,ibrahim.taqi@uit.ac.ma,1,5,2021,Rabat
244,Kettani,Amina,F,2004-01-09,amina.kettani@uit.ac.ma,1,3,2023,Sidi Kacem
245,Berrada,Ali,M,2002-12-22,ali.berrada@uit.ac.ma,1,2,2024,Tanger
246,El Khatib,Zakaria,M,2006-04-07,zakaria.elkhatib@uit.ac.ma,1,2,2024,Rabat
247,Afilal,Ghita,F,2004-07-08,ghita.afilal@uit.ac.ma,1,3,2023,Tanger
248,Kettani,Jamal,M,2003-05-12,jamal.kettani@uit.ac.ma,1,3,2023,Tanger
249,El Ansari,Mostafa,M,2005-06-11,mostafa.elansari@uit.ac.ma,1,2,2024,Sidi Kacem
250,Benali,Houda,F,1999-10-24,houda.benali@uit.ac.ma,1,5,2021,Sidi Kacem
251,Taqi,Bilal,M,2004-08-18,bilal.taqi@uit.ac.ma,1,3,2023,Meknès
252,Benkirane,Soukaina,F,2001-03-05,soukaina.benkirane@uit.ac.ma,1,5,2021,Tanger
253,Ennaji,Bouchra,F,2002-01-27,bouchra.ennaji@uit.ac.ma,1,2,2024,Rabat
254,El Ghazi,Fatima,F,1997-04-03,,1,5,2020,Casablanca
255,El Amrani,Amine,M,2000-10-16,,1,3,2023,Larache
256,Alaoui,Soufiane,M,1997-05-18,,1,5,2020,Fès
257,El Hassani,Rania,F,2002-09-05,rania.elhassani@uit.ac.ma,1,5,2020,Salé
258,El Yousfi,Ilyass,M,2005-06-13,ilyass.elyousfi@uit.ac.ma,1,3,2023,Larache
259,El Khatib,Rim,F,2005-11-28,rim.elkhatib@uit.ac.ma,1,3,2023,Kénitra
260,El Baraka,Rayan,M,2002-12-06,rayan.elbaraka@uit.ac.ma,1,5,2020,Rabat
261,El Mernissi,Zakaria,M,2006-09-02,zakaria.elmernissi@uit.ac.ma,2,2,2024,Salé
262,El Baraka,Nour,F,2003-11-09,nour.elbaraka@uit.ac.ma,2,5,2021,Tanger
263,Benali,Othmane,M,2002-03-25,othmane.benali@uit.ac.ma,2,2,2024,Sidi Kacem
264,Ziani,Samir,M,2002-11-18,samir.ziani@uit.ac.ma,2,3,2023,Meknès
265,Fennich,Amina,F,2003-01-04,amina.fennich@uit.ac.ma,2,3,2023,Sidi Kacem
266,Boukhari,Abdelkarim,M,2001-07-25,abdelkarim.boukhari@uit.ac.ma,2,3,2023,Meknès
267,Slaoui,Khalid,M,1999-07-14,khalid.slaoui@uit.ac.ma,2,5,2021,Casablanca
268,Boukhari,Amina,F,2004-12-03,amina.boukhari@uit.ac.ma,2,3,2023,Rabat
269,Abdelmoumen,Karim,M,2002-02-03,karim.abdelmoumen@uit.ac.ma,2,4,2022,Kénitra
270,Tazi,Adam,M,2001-07-15,adam.tazi@uit.ac.ma,2,5,2020,Tanger
271,Bouazza,Ahmed,M,2004-10-20,ahmed.bouazza@uit.ac.ma,2,4,2022,Meknès
272,Taqi,Soufiane,M,2000-09-08,soufiane.taqi@uit.ac.ma,2,3,2023,Oujda
273,Benomar,Hind,F,2001-08-05,hind.benomar@uit.ac.ma,2,5,2021,Rabat
274,El Baraka,Hicham,M,2003-05-08,hicham.elbaraka@uit.ac.ma,2,3,2023,Larache
275,Benomar,Hamza,M,2000-06-27,hamza.benomar@uit.ac.ma,2,5,2021,Oujda
276,Bakkali,Nora,F,1999-10-05,nora.bakkali@uit.ac.ma,2,4,2022,Fès
277,El Baraka,Sanaa,F,2001-06-10,sanaa.elbaraka@uit.ac.ma,2,4,2022,Larache
278,Taqi,Siham,F,2000-06-04,siham.taqi@uit.ac.ma,2,5,2021,Oujda
279,Regragui,Imane,F,2005-12-15,imane.regragui@uit.ac.ma,2,3,2023,Salé
280,Zerrouq,Ali,M,2000-08-05,ali.zerrouq@uit.ac.ma,2,3,2023,Fès
281,Zerrouq,Rania,F,2001-10-16,rania.zerrouq@uit.ac.ma,2,4,2022,Oujda
282,Kettani,Soufiane,M,2000-12-26,soufiane.kettani@uit.ac.ma,2,5,2020,Tanger
283,Boukhari,Zineb,F,1998-06-06,zineb.boukhari1@uit.ac.ma,2,5,2021,Oujda
284,El Ansari,Samira,F,2001-02-01,samira.elansari@uit.ac.ma,2,4,2022,Rabat
285,Lemrini,Sami,M,2001-04-15,sami.lemrini@uit.ac.ma,2,3,2023,Meknès
286,Afilal,Hana,F,2002-01-16,hana.afilal@uit.ac.ma,2,4,2022,Rabat
287,El Filali,Amina,F,2001-03-12,amina.elfilali@uit.ac.ma,2,2,2024,Fès
288,El Baraka,Jihane,F,2004-08-24,jihane.elbaraka@uit.ac.ma,2,4,2022,Larache
289,Benali,Anas,M,2001-02-22,anas.benali@uit.ac.ma,2,2,2024,Casablanca
290,El Hassani,Jihane,F,2002-09-14,jihane.elhassani@uit.ac.ma,2,4,2022,Larache
291,El Hassani,Tariq,M,2002-07-01,tariq.elhassani@uit.ac.ma,2,3,2023,Oujda
292,Taqi,Adnane,M,2001-04-09,adnane.taqi@uit.ac.ma,2,5,2020,Rabat
293,El Hassani,Bouchra,F,2003-08-04,bouchra.elhassani@uit.ac.ma,2,4,2022,Fès
294,Hilali,Othmane,M,2001-10-04,othmane.hilali1@uit.ac.ma,2,4,2022,Meknès
295,Regragui,Tariq,M,2003-10-19,tariq.regragui@uit.ac.ma,2,3,2023,Rabat
296,El Khatib,Mehdi,M,2000-12-05,mehdi.elkhatib@uit.ac.ma,2,5,2020,Tanger
297,Taqi,Samir,M,2001-11-18,samir.taqi@uit.ac.ma,2,4,2022,Casablanca
298,El Hassani,Ibrahim,M,2001-10-02,ibrahim.elhassani@uit.ac.ma,2,4,2022,Meknès
299,Taqi,Rachid,M,2002-11-16,rachid.taqi@uit.ac.ma,2,2,2024,Sidi Kacem
300,Slaoui,Khalid,M,1999-01-26,khalid.slaoui1@uit.ac.ma,2,5,2021,Salé
301,Moussaoui,Ayoub,M,2000-10-24,ayoub.moussaoui@uit.ac.ma,2,5,2021,Larache
302,El Yousfi,Anas,M,2003-09-27,anas.elyousfi@uit.ac.ma,2,3,2023,Kénitra
303,Mansouri,Nabil,M,1997-04-10,nabil.mansouri@uit.ac.ma,2,5,2020,Kénitra
304,Bouzidi,Hassan,M,2006-04-07,hassan.bouzidi@uit.ac.ma,2,2,2024,Oujda
305,Tahiri,Lamia,F,2000-03-26,lamia.tahiri@uit.ac.ma,2,4,2022,Salé
306,Chraibi,Nour,F,2000-09-06,nour.chraibi@uit.ac.ma,2,4,2022,Meknès
307,El Yousfi,Samir,M,2002-11-27,samir.elyousfi@uit.ac.ma,2,2,2024,Rabat
308,El Amrani,Layla,F,2001-03-23,layla.elamrani@uit.ac.ma,2,2,2024,Casablanca
309,El Ansari,Ghita,F,2003-08-05,ghita.elansari@uit.ac.ma,2,2,2024,Oujda
310,Bouzidi,Nihal,F,2002-07-17,nihal.bouzidi@uit.ac.ma,2,5,2020,Fès
311,Slaoui,Asma,F,2004-12-03,asma.slaoui@uit.ac.ma,2,4,2022,Larache
312,Zerrouq,Leila,F,2003-07-27,leila.zerrouq@uit.ac.ma,2,4,2022,Salé
313,Bakkali,Walid,M,2003-10-28,walid.bakkali@uit.ac.ma,2,4,2022,Larache
314,Idrissi,Sara,F,1999-01-04,sara.idrissi@uit.ac.ma,2,5,2020,Casablanca
315,Berrada,Adnane,M,2005-11-10,adnane.berrada@uit.ac.ma,2,2,2024,Casablanca
316,Ennaji,Amina,F,2004-06-22,amina.ennaji@uit.ac.ma,2,4,2022,Casablanca
317,Mansouri,Rim,F,2000-02-01,rim.mansouri@uit.ac.ma,2,3,2023,Salé
318,El Hajji,Bilal,M,2005-01-23,bilal.elhajji@uit.ac.ma,2,3,2023,Meknès
319,Afilal,Rania,F,2002-04-13,rania.afilal@uit.ac.ma,2,5,2020,Rabat
320,El Fathi,Othmane,M,2005-07-25,othmane.elfathi@uit.ac.ma,2,2,2024,Casablanca
321,El Hajji,Leila,F,2001-11-06,leila.elhajji@uit.ac.ma,2,3,2023,Larache
322,El Ghazi,Karim,M,2002-04-03,karim.elghazi@uit.ac.ma,2,3,2023,Rabat
323,Chraibi,Reda,M,2004-03-08,reda.chraibi@uit.ac.ma,2,2,2024,Fès
324,Hilali,Abdelkarim,M,2003-12-01,abdelkarim.hilali@uit.ac.ma,2,3,2023,Fès
325,Abdelmoumen,Rachid,M,1999-01-26,rachid.abdelmoumen@uit.ac.ma,2,4,2022,Salé
326,Tahiri,Ismail,M,2001-01-12,ismail.tahiri@uit.ac.ma,2,3,2023,Meknès
327,El Ghazi,Nour,F,1999-03-25,nour.elghazi@uit.ac.ma,2,4,2022,Larache
328,Boudouma,Khadija,F,2000-04-02,khadija.boudouma@uit.ac.ma,2,5,2020,Kénitra
329,Tahiri,Walid,M,2002-07-23,walid.tahiri@uit.ac.ma,2,3,2023,Sidi Kacem
330,Sabri,Badr,M,2001-02-17,badr.sabri@uit.ac.ma,2,5,2021,Salé
331,Rahmouni,Othmane,M,2000-11-21,othmane.rahmouni@uit.ac.ma,2,3,2023,Rabat
332,El Amrani,Mehdi,M,2000-02-15,mehdi.elamrani@uit.ac.ma,2,5,2021,Oujda
333,El Filali,Tariq,M,2001-12-01,tariq.elfilali@uit.ac.ma,2,5,2020,Casablanca
334,Zerrouq,Sami,M,2004-03-12,sami.zerrouq@uit.ac.ma,2,2,2024,Casablanca
335,Boukhari,Hajar,F,2004-07-09,hajar.boukhari@uit.ac.ma,2,2,2024,Tanger
336,Tahiri,Nour,F,1999-09-12,nour.tahiri@uit.ac.ma,2,5,2020,Kénitra
337,Nadori,Amine,M,2003-10-22,amine.nadori@uit.ac.ma,2,5,2021,Rabat
338,Alaoui,Youssef,M,2000-06-13,youssef.alaoui@uit.ac.ma,2,5,2021,Casablanca
339,Lemrini,Nadia,F,2001-12-21,nadia.lemrini@uit.ac.ma,2,2,2024,Sidi Kacem
340,El Yousfi,Othmane,M,2002-06-04,othmane.elyousfi@uit.ac.ma,2,2,2024,Tanger
341,El Hajji,Bilal,M,2003-02-15,bilal.elhajji1@uit.ac.ma,2,2,2024,Fès
342,Lemrini,Hassan,M,2002-04-10,hassan.lemrini@uit.ac.ma,2,4,2022,Oujda
343,Benkirane,Ghita,F,2001-04-24,ghita.benkirane@uit.ac.ma,2,4,2022,Tanger
344,El Ghazi,Mohamed,M,1998-06-21,mohamed.elghazi@uit.ac.ma,2,5,2020,Kénitra
345,Abdelmoumen,Reda,M,2005-04-17,reda.abdelmoumen@uit.ac.ma,2,3,2023,Salé
346,Benhaddane,Houda,F,2003-04-28,houda.benhaddane@uit.ac.ma,2,5,2021,Tanger
347,Abdelmoumen,Asma,F,2002-09-05,asma.abdelmoumen@uit.ac.ma,2,5,2020,Sidi Kacem
348,Benlahcen,Adnane,M,2005-05-09,adnane.benlahcen@uit.ac.ma,2,2,2024,Meknès
349,Lahlou,Othmane,M,2003-02-07,othmane.lahlou@uit.ac.ma,2,4,2022,Casablanca
350,Tazi,Karim,M,2000-06-14,karim.tazi@uit.ac.ma,2,5,2021,Rabat
351,Bouzidi,Loubna,F,2001-02-03,loubna.bouzidi@uit.ac.ma,2,5,2021,Casablanca
352,Idrissi,Abdelkarim,M,2001-03-03,abdelkarim.idrissi1@uit.ac.ma,2,5,2021,Salé
353,Regragui,Omar,M,2002-01-13,omar.regragui@uit.ac.ma,2,5,2021,Larache
354,Benkirane,Hamza,M,2001-02-01,hamza.benkirane@uit.ac.ma,2,5,2020,Kénitra
355,Berrada,Meryem,F,2004-11-21,meryem.berrada@uit.ac.ma,2,2,2024,Rabat
356,Benali,Ali,M,2005-11-15,ali.benali@uit.ac.ma,2,2,2024,Casablanca
357,El Filali,Wiam,F,1999-01-06,wiam.elfilali@uit.ac.ma,2,5,2020,Oujda
358,Benali,Soukaina,F,2001-03-12,soukaina.benali@uit.ac.ma,2,4,2022,Salé
359,Sabri,Khalid,M,1998-10-08,khalid.sabri@uit.ac.ma,2,5,2020,Fès
360,El Amrani,Dina,F,1999-03-14,dina.elamrani@uit.ac.ma,2,5,2020,Salé
361,Tahiri,Ghita,F,2002-01-13,ghita.tahiri@uit.ac.ma,2,2,2024,Meknès
362,El Mernissi,Ikram,F,2001-05-06,ikram.elmernissi@uit.ac.ma,2,4,2022,Kénitra
363,El Amrani,Adam,M,2003-09-12,adam.elamrani@uit.ac.ma,2,2,2024,Oujda
364,Ziani,Zineb,F,2003-09-27,zineb.ziani@uit.ac.ma,2,3,2023,Kénitra
365,Taqi,Nour,F,2003-03-08,nour.taqi@uit.ac.ma,2,4,2022,Oujda
366,Boudouma,Ikram,F,1997-06-19,ikram.boudouma@uit.ac.ma,2,5,2020,Oujda
367,Kettani,Soukaina,F,2000-01-03,soukaina.kettani@uit.ac.ma,2,5,2021,Kénitra
368,El Baraka,Sami,M,1998-04-26,sami.elbaraka@uit.ac.ma,2,5,2020,Casablanca
369,El Amrani,Othmane,M,1998-12-05,othmane.elamrani@uit.ac.ma,2,5,2020,Rabat
370,El Fathi,Leila,F,2000-07-19,leila.elfathi@uit.ac.ma,2,3,2023,Rabat
371,Aftyss,Saad,M,2001-08-21,saad.aftyss1@uit.ac.ma,2,2,2024,Meknès
372,Zerrouq,Lamia,F,1999-10-27,lamia.zerrouq@uit.ac.ma,2,4,2022,Casablanca
373,Benomar,Hafsa,F,2003-12-19,hafsa.benomar@uit.ac.ma,2,5,2021,Sidi Kacem
374,Idrissi,Nour,F,2001-10-08,nour.idrissi@uit.ac.ma,2,5,2021,Oujda
375,Abdelmoumen,Zakaria,M,2000-06-06,zakaria.abdelmoumen@uit.ac.ma,2,5,2020,Rabat
376,Bouzidi,Wiam,F,2001-04-23,wiam.bouzidi@uit.ac.ma,2,5,2020,Rabat
377,El Amrani,Fatima,F,1999-07-06,fatima.elamrani@uit.ac.ma,2,4,2022,Sidi Kacem
378,Taqi,Ayoub,M,1999-10-21,ayoub.taqi@uit.ac.ma,2,5,2020,Salé
379,Moussaoui,Youssef,M,2000-02-03,youssef.moussaoui@uit.ac.ma,2,5,2020,Meknès
380,Lemrini,Ali,M,2006-06-20,ali.lemrini@uit.ac.ma,2,2,2024,Oujda
381,Ennaji,Rania,F,2000-03-02,rania.ennaji@uit.ac.ma,2,5,2021,Rabat
382,Afilal,Layla,F,1999-09-09,layla.afilal@uit.ac.ma,2,4,2022,Fès
383,El Mernissi,Mounir,M,2001-03-02,,2,4,2022,Meknès
384,El Baraka,Abdelkarim,M,2003-04-06,abdelkarim.elbaraka@uit.ac.ma,2,5,2021,Fès
385,El Khatib,Anas,M,2002-08-22,anas.elkhatib@uit.ac.ma,2,3,2023,Fès
386,El Fathi,Tariq,M,2004-03-15,tariq.elfathi@uit.ac.ma,2,2,2024,Kénitra
387,El Yousfi,Bilal,M,2004-12-22,bilal.elyousfi@uit.ac.ma,2,3,2023,Rabat
388,El Ghazi,Ayoub,M,2002-04-18,ayoub.elghazi@uit.ac.ma,2,2,2024,Kénitra
389,Kettani,Layla,F,2002-10-08,layla.kettani1@uit.ac.ma,2,3,2023,Larache
390,Fennich,Youssef,M,2001-10-22,youssef.fennich@uit.ac.ma,2,3,2023,Oujda
391,El Hassani,Nora,F,2005-04-26,nora.elhassani@uit.ac.ma,2,2,2024,Salé
392,Berrada,Adnane,M,2001-03-27,adnane.berrada1@uit.ac.ma,2,2,2024,Oujda
393,Bouazza,Leila,F,2001-09-11,leila.bouazza1@uit.ac.ma,2,4,2022,Fès
394,Zerrouq,Fatima,F,2001-09-26,fatima.zerrouq@uit.ac.ma,2,3,2023,Sidi Kacem
395,Boudouma,Samir,M,2005-02-19,samir.boudouma@uit.ac.ma,2,3,2023,Rabat
396,El Ghazi,Ikram,F,1998-08-19,ikram.elghazi@uit.ac.ma,2,5,2021,Oujda
397,Sabri,Mounir,M,2000-12-13,mounir.sabri@uit.ac.ma,2,3,2023,Kénitra
398,El Amrani,Ghita,F,2003-06-01,ghita.elamrani@uit.ac.ma,2,3,2023,Meknès
399,Slaoui,Adam,M,2001-02-28,adam.slaoui@uit.ac.ma,2,2,2024,Salé
400,Boukhari,Nora,F,2004-12-14,nora.boukhari@uit.ac.ma,2,2,2024,Oujda
401,El Ghazi,Nabil,M,2001-06-27,nabil.elghazi@uit.ac.ma,2,3,2023,Kénitra
402,Benhaddane,Hicham,M,2003-09-19,hicham.benhaddane@uit.ac.ma,2,4,2022,Kénitra
403,El Amrani,Sanaa,F,2000-01-12,sanaa.elamrani@uit.ac.ma,2,5,2021,Salé
404,Rahmouni,Narjiss,F,2005-11-01,narjiss.rahmouni@uit.ac.ma,2,3,2023,Salé
405,El Baraka,Tariq,M,2003-06-06,tariq.elbaraka@uit.ac.ma,2,3,2023,Fès
406,Benali,Hafsa,F,2003-10-25,hafsa.benali@uit.ac.ma,2,4,2022,Salé
407,El Yousfi,Loubna,F,2001-01-28,loubna.elyousfi@uit.ac.ma,2,3,2023,Kénitra
408,Hilali,Tariq,M,2005-05-20,tariq.hilali@uit.ac.ma,2,2,2024,Fès
409,Mansouri,Chaima,F,2004-08-09,chaima.mansouri@uit.ac.ma,2,2,2024,Salé
410,Rahmouni,Lamia,F,2005-09-22,lamia.rahmouni@uit.ac.ma,2,3,2023,Meknès
411,El Khatib,Walid,M,2002-02-11,walid.elkhatib@uit.ac.ma,2,3,2023,Fès
412,Ennaji,Yasmine,F,2000-05-07,yasmine.ennaji@uit.ac.ma,2,3,2023,Casablanca
413,Hilali,Omar,M,2002-11-05,omar.hilali@uit.ac.ma,2,4,2022,Kénitra
414,El Ghazi,Yasmine,F,1999-01-19,yasmine.elghazi@uit.ac.ma,2,4,2022,Oujda
415,Regragui,Bilal,M,2001-11-12,bilal.regragui@uit.ac.ma,2,4,2022,Tanger
416,El Hassani,Rayan,M,2000-03-24,rayan.elhassani@uit.ac.ma,2,5,2021,Fès
417,Regragui,Tariq,M,2001-02-08,tariq.regragui1@uit.ac.ma,2,2,2024,Meknès
418,Zerrouq,Layla,F,2004-05-19,layla.zerrouq@uit.ac.ma,2,2,2024,Fès
419,Tahiri,Omar,M,2001-02-16,omar.tahiri@uit.ac.ma,2,3,2023,Salé
420,El Hajji,Nihal,F,2003-03-05,nihal.elhajji@uit.ac.ma,2,5,2021,Salé
421,Sabri,Asma,F,1999-03-25,asma.sabri@uit.ac.ma,2,4,2022,Rabat
422,Lahlou,Imane,F,2005-08-09,imane.lahlou@uit.ac.ma,2,3,2023,Salé
423,Slaoui,Saad,M,2005-03-20,saad.slaoui@uit.ac.ma,2,3,2023,Sidi Kacem
424,Taqi,Mostafa,M,1998-04-24,mostafa.taqi@uit.ac.ma,2,5,2020,Meknès
425,Berrada,Jihane,F,2002-11-24,jihane.berrada@uit.ac.ma,2,5,2020,Salé
426,Benomar,Manal,F,1998-10-10,manal.benomar@uit.ac.ma,2,5,2020,Casablanca
427,Benkirane,Walid,M,2001-09-11,walid.benkirane@uit.ac.ma,2,3,2023,Sidi Kacem
428,Slaoui,Wiam,F,2003-03-26,,2,4,2022,Sidi Kacem
429,Squalli,Ibrahim,M,2001-09-06,ibrahim.squalli@uit.ac.ma,2,3,2023,Rabat
430,Taqi,Nadia,F,2004-09-20,nadia.taqi@uit.ac.ma,2,2,2024,Kénitra
431,Ennaji,Hamza,M,2006-12-04,hamza.ennaji@uit.ac.ma,2,2,2024,Sidi Kacem
432,El Baraka,Younes,M,2004-12-22,younes.elbaraka@uit.ac.ma,2,3,2023,Kénitra
433,El Yousfi,Jihane,F,2000-03-14,jihane.elyousfi@uit.ac.ma,2,3,2023,Rabat
434,El Filali,Walid,M,2002-04-20,walid.elfilali@uit.ac.ma,2,3,2023,Salé
435,Chraibi,Sanaa,F,2003-03-02,sanaa.chraibi@uit.ac.ma,2,3,2023,Tanger
436,Bakkali,Mostafa,M,2003-11-03,mostafa.bakkali@uit.ac.ma,2,5,2021,Rabat
437,Bouazza,Houda,F,2005-12-24,houda.bouazza@uit.ac.ma,2,3,2023,Rabat
438,Moussaoui,Asma,F,2003-02-27,asma.moussaoui@uit.ac.ma,2,5,2021,Casablanca
439,Regragui,Oumaima,F,1999-02-04,,2,4,2022,Kénitra
440,Bakkali,Saad,M,2001-10-09,saad.bakkali@uit.ac.ma,2,4,2022,Rabat
441,Rahmouni,Anas,M,2001-05-27,anas.rahmouni@uit.ac.ma,2,4,2022,Sidi Kacem
442,Ennaji,Soufiane,M,2005-02-05,soufiane.ennaji@uit.ac.ma,2,2,2024,Kénitra
443,El Ghazi,Zineb,F,2003-10-22,zineb.elghazi@uit.ac.ma,2,2,2024,Larache
444,El Mesaoudi,Ilyass,M,1997-12-05,ilyass.elmesaoudi@uit.ac.ma,2,5,2020,Larache
445,Bouzidi,Soufiane,M,2000-11-11,soufiane.bouzidi@uit.ac.ma,2,5,2020,Kénitra
446,Aftyss,Nour,F,2000-06-17,nour.aftyss@uit.ac.ma,2,3,2023,Tanger
447,Benlahcen,Adnane,M,2002-06-22,adnane.benlahcen1@uit.ac.ma,2,3,2023,Sidi Kacem
448,El Amrani,Lamia,F,2001-09-28,lamia.elamrani@uit.ac.ma,2,5,2020,Larache
449,El Ansari,Leila,F,2003-06-09,leila.elansari@uit.ac.ma,2,4,2022,Kénitra
450,Rahmouni,Reda,M,2006-08-15,reda.rahmouni@uit.ac.ma,2,2,2024,Oujda
451,Lahlou,Nora,F,1999-12-21,nora.lahlou@uit.ac.ma,2,5,2020,Kénitra
452,Lemrini,Rayan,M,2002-10-20,rayan.lemrini@uit.ac.ma,2,5,2020,Fès
453,Bakkali,Jamal,M,2004-04-28,jamal.bakkali@uit.ac.ma,2,4,2022,Larache
454,El Baraka,Kawtar,F,2003-12-15,kawtar.elbaraka@uit.ac.ma,2,3,2023,Rabat
455,Bakkali,Fatima,F,1999-05-18,fatima.bakkali@uit.ac.ma,2,4,2022,Tanger
456,Slaoui,Saad,M,1998-12-24,saad.slaoui1@uit.ac.ma,2,5,2021,Sidi Kacem
457,El Filali,Rachid,M,2003-04-15,rachid.elfilali@uit.ac.ma,2,2,2024,Salé
458,Idrissi,Soufiane,M,2001-10-04,soufiane.idrissi@uit.ac.ma,2,2,2024,Larache
459,Benomar,Nassim,M,2006-09-24,nassim.benomar@uit.ac.ma,2,2,2024,Kénitra
460,El Baraka,Marouane,M,2005-12-19,marouane.elbaraka@uit.ac.ma,2,2,2024,Casablanca
461,Benlahcen,Reda,M,2003-09-13,reda.benlahcen@uit.ac.ma,2,3,2023,Sidi Kacem
462,El Yousfi,Ghita,F,2002-05-15,ghita.elyousfi@uit.ac.ma,2,4,2022,Casablanca
463,El Khatib,Nassim,M,2002-06-23,nassim.elkhatib@uit.ac.ma,2,2,2024,Tanger
464,Benhaddane,Badr,M,2001-11-05,badr.benhaddane@uit.ac.ma,2,5,2021,Casablanca
465,Benhaddane,Siham,F,2000-09-16,siham.benhaddane@uit.ac.ma,2,5,2020,Oujda
466,Regragui,Layla,F,2001-05-28,layla.regragui@uit.ac.ma,2,3,2023,Sidi Kacem
467,Taqi,Ahmed,M,1998-01-07,ahmed.taqi1@uit.ac.ma,2,5,2021,Fès
468,Regragui,Walid,M,2003-12-26,walid.regragui@uit.ac.ma,2,5,2021,Fès
469,Bouzidi,Ilyass,M,1997-12-18,ilyass.bouzidi@uit.ac.ma,2,5,2020,Salé
470,Fennich,Mehdi,M,2000-05-23,mehdi.fennich@uit.ac.ma,2,3,2023,Kénitra
471,Lemrini,Othmane,M,1997-05-07,othmane.lemrini@uit.ac.ma,2,5,2020,Oujda
472,El Ouazzani,Nora,F,2001-12-21,nora.elouazzani1@uit.ac.ma,2,2,2024,Meknès
473,Berrada,Abdelkarim,M,2004-05-15,abdelkarim.berrada@uit.ac.ma,2,3,2023,Casablanca
474,Abdelmoumen,Tariq,M,2001-01-14,tariq.abdelmoumen@uit.ac.ma,2,4,2022,Fès
475,Bensaid,Marouane,M,1999-12-05,marouane.bensaid@uit.ac.ma,2,5,2020,Kénitra
476,Boukhari,Omar,M,2002-11-10,omar.boukhari@uit.ac.ma,2,2,2024,Larache
477,Zerrouq,Ali,M,2001-04-06,ali.zerrouq1@uit.ac.ma,2,3,2023,Tanger
478,Kettani,Soufiane,M,2004-06-08,soufiane.kettani1@uit.ac.ma,2,4,2022,Salé
479,Squalli,Walid,M,2002-09-16,walid.squalli@uit.ac.ma,2,2,2024,Tanger
480,El Filali,Fatima,F,2002-04-21,fatima.elfilali@uit.ac.ma,2,3,2023,Oujda
481,Regragui,Youssef,M,2003-02-13,youssef.regragui@uit.ac.ma,3,2,2024,Fès
482,Boukhari,Sami,M,2000-08-16,sami.boukhari@uit.ac.ma,3,4,2022,Kénitra
483,Fennich,Siham,F,2002-03-25,siham.fennich@uit.ac.ma,3,5,2020,Tanger
484,Benlahcen,Loubna,F,2004-11-14,loubna.benlahcen@uit.ac.ma,3,3,2023,Rabat
485,Ennaji,Rania,F,2006-12-22,rania.ennaji1@uit.ac.ma,3,2,2024,Casablanca
486,Bouazza,Nadia,F,2001-05-18,nadia.bouazza@uit.ac.ma,3,5,2020,Rabat
487,El Ghazi,Younes,M,1999-07-14,,3,4,2022,Meknès
488,Alaoui,Bouchra,F,2001-02-25,bouchra.alaoui@uit.ac.ma,3,3,2023,Oujda
489,Fennich,Ikram,F,1997-05-20,ikram.fennich@uit.ac.ma,3,5,2020,Rabat
490,Rahmouni,Nihal,F,2006-08-06,nihal.rahmouni1@uit.ac.ma,3,2,2024,Tanger
491,Moussaoui,Bouchra,F,2005-05-22,bouchra.moussaoui@uit.ac.ma,3,2,2024,Meknès
492,Sabri,Rayan,M,2002-10-20,rayan.sabri@uit.ac.ma,3,5,2020,Sidi Kacem
493,Squalli,Manal,F,2000-06-07,manal.squalli@uit.ac.ma,3,3,2023,Sidi Kacem
494,Nadori,Houda,F,1999-05-07,houda.nadori@uit.ac.ma,3,5,2021,Rabat
495,El Ansari,Sara,F,2002-08-21,sara.elansari@uit.ac.ma,3,2,2024,Tanger
496,Tazi,Yasmine,F,1999-08-11,yasmine.tazi@uit.ac.ma,3,5,2021,Meknès
497,Moussaoui,Zineb,F,2004-06-16,zineb.moussaoui@uit.ac.ma,3,3,2023,Larache
498,Sabri,Hana,F,2003-06-14,,3,3,2023,Casablanca
499,Benhaddane,Bilal,M,2002-05-27,bilal.benhaddane@uit.ac.ma,3,3,2023,Meknès
500,Benkirane,Dina,F,2002-08-18,dina.benkirane@uit.ac.ma,3,4,2022,Rabat
501,Benomar,Adam,M,2005-05-24,adam.benomar1@uit.ac.ma,3,2,2024,Rabat
502,Tahiri,Narjiss,F,1998-10-13,narjiss.tahiri@uit.ac.ma,3,5,2020,Oujda
503,Kettani,Younes,M,2002-08-21,younes.kettani@uit.ac.ma,3,2,2024,Casablanca
504,Aftyss,Marouane,M,2005-08-17,marouane.aftyss@uit.ac.ma,3,2,2024,Tanger
505,Benlahcen,Mohamed,M,1999-11-06,mohamed.benlahcen@uit.ac.ma,3,5,2021,Tanger
506,El Mernissi,Samir,M,2004-12-24,samir.elmernissi@uit.ac.ma,3,3,2023,Larache
507,El Ouazzani,Ismail,M,2000-04-02,ismail.elouazzani@uit.ac.ma,3,5,2020,Salé
508,El Baraka,Nihal,F,2006-01-21,nihal.elbaraka@uit.ac.ma,3,2,2024,Meknès
509,Abdelmoumen,Chaima,F,1999-10-06,chaima.abdelmoumen@uit.ac.ma,3,5,2021,Sidi Kacem
510,El Hajji,Ali,M,2002-09-13,ali.elhajji@uit.ac.ma,3,5,2021,Meknès
511,Hilali,Mostafa,M,2001-08-06,mostafa.hilali@uit.ac.ma,3,5,2020,Salé
512,Sabri,Loubna,F,2001-10-23,loubna.sabri@uit.ac.ma,3,5,2021,Rabat
513,Aftyss,Zakaria,M,1997-08-16,zakaria.aftyss@uit.ac.ma,3,5,2020,Salé
514,Benali,Layla,F,2002-10-19,layla.benali@uit.ac.ma,3,5,2021,Casablanca
515,Sabri,Samir,M,2000-03-17,samir.sabri@uit.ac.ma,3,5,2020,Sidi Kacem
516,Aftyss,Ahmed,M,2003-02-07,ahmed.aftyss@uit.ac.ma,3,3,2023,Larache
517,Nadori,Mostafa,M,2000-10-05,mostafa.nadori@uit.ac.ma,3,5,2021,Oujda
518,Bensaid,Nassim,M,1998-06-15,nassim.bensaid@uit.ac.ma,3,5,2021,Oujda
519,Benomar,Reda,M,2001-09-28,reda.benomar@uit.ac.ma,3,5,2020,Tanger
520,Tazi,Kawtar,F,1999-10-02,kawtar.tazi@uit.ac.ma,3,5,2021,Tanger
521,Benlahcen,Mostafa,M,1998-09-27,mostafa.benlahcen@uit.ac.ma,3,5,2020,Kénitra
522,El Hajji,Rania,F,2004-12-17,rania.elhajji@uit.ac.ma,3,4,2022,Sidi Kacem
523,Chraibi,Nihal,F,2000-12-19,nihal.chraibi@uit.ac.ma,3,3,2023,Rabat
524,Bouazza,Bilal,M,1999-07-09,,3,5,2021,Salé
525,El Mernissi,Fatima,F,2000-01-13,fatima.elmernissi@uit.ac.ma,3,4,2022,Salé
526,Tazi,Amine,M,1998-10-09,amine.tazi@uit.ac.ma,3,5,2021,Fès
527,El Mesaoudi,Amine,M,1998-07-25,amine.elmesaoudi@uit.ac.ma,3,5,2021,Salé
528,El Hassani,Dina,F,2000-08-09,dina.elhassani@uit.ac.ma,3,4,2022,Fès
529,Abdelmoumen,Samira,F,1997-02-24,samira.abdelmoumen@uit.ac.ma,3,5,2020,Salé
530,Tazi,Hind,F,2000-06-26,hind.tazi@uit.ac.ma,3,5,2021,Tanger
531,Nadori,Sara,F,1999-01-26,sara.nadori@uit.ac.ma,3,4,2022,Rabat
532,Mansouri,Abdelkarim,M,2000-04-12,abdelkarim.mansouri@uit.ac.ma,3,5,2020,Rabat
533,El Mesaoudi,Samira,F,2003-12-20,samira.elmesaoudi@uit.ac.ma,3,3,2023,Kénitra
534,Bouzidi,Soukaina,F,1997-09-10,soukaina.bouzidi@uit.ac.ma,3,5,2020,Salé
535,Afilal,Sami,M,2002-11-02,sami.afilal@uit.ac.ma,3,5,2021,Meknès
536,Bouazza,Saad,M,2003-06-22,saad.bouazza@uit.ac.ma,3,2,2024,Sidi Kacem
537,Abdelmoumen,Mohamed,M,2005-09-10,mohamed.abdelmoumen@uit.ac.ma,3,3,2023,Tanger
538,El Ouazzani,Adam,M,2004-08-13,,3,3,2023,Oujda
539,Tazi,Nassim,M,2000-05-11,nassim.tazi@uit.ac.ma,3,4,2022,Rabat
540,Zerrouq,Bouchra,F,2000-08-13,bouchra.zerrouq@uit.ac.ma,3,3,2023,Oujda
541,Boukhari,Zakaria,M,2001-10-28,zakaria.boukhari1@uit.ac.ma,3,4,2022,Kénitra
542,Tahiri,Reda,M,2004-11-23,reda.tahiri@uit.ac.ma,3,3,2023,Salé
543,El Hajji,Ilyass,M,1999-05-08,ilyass.elhajji@uit.ac.ma,3,4,2022,Fès
544,Cherkaoui,Wiam,F,2003-08-11,wiam.cherkaoui@uit.ac.ma,3,4,2022,Meknès
545,Abdelmoumen,Tariq,M,2004-08-24,tariq.abdelmoumen1@uit.ac.ma,3,3,2023,Salé
546,Squalli,Younes,M,2002-10-12,younes.squalli@uit.ac.ma,3,5,2021,Casablanca
547,Regragui,Hassan,M,2003-10-01,hassan.regragui@uit.ac.ma,3,2,2024,Tanger
548,El Mesaoudi,Oumaima,F,2000-05-16,oumaima.elmesaoudi@uit.ac.ma,3,4,2022,Casablanca
549,Rahmouni,Chaima,F,1999-03-02,chaima.rahmouni@uit.ac.ma,3,5,2021,Tanger
550,Idrissi,Ayoub,M,2001-11-25,ayoub.idrissi@uit.ac.ma,3,4,2022,Casablanca
551,Benkirane,Sami,M,2004-01-22,sami.benkirane@uit.ac.ma,3,4,2022,Salé
552,El Mesaoudi,Amine,M,2005-09-09,amine.elmesaoudi1@uit.ac.ma,3,2,2024,Salé
553,El Fathi,Wiam,F,2000-04-14,wiam.elfathi@uit.ac.ma,3,5,2021,Meknès
554,El Hassani,Khalid,M,2001-11-08,khalid.elhassani@uit.ac.ma,3,3,2023,Rabat
555,Mansouri,Salma,F,2005-03-26,salma.mansouri@uit.ac.ma,3,2,2024,Casablanca
556,Slaoui,Soufiane,M,1997-09-18,soufiane.slaoui@uit.ac.ma,3,5,2020,Meknès
557,El Mernissi,Rayan,M,2002-12-06,rayan.elmernissi@uit.ac.ma,3,5,2020,Kénitra
558,Bouzidi,Hamza,M,2003-06-12,hamza.bouzidi1@uit.ac.ma,3,3,2023,Tanger
559,Benali,Ikram,F,2002-11-20,ikram.benali@uit.ac.ma,3,4,2022,Salé
560,El Hassani,Bouchra,F,2004-06-11,bouchra.elhassani1@uit.ac.ma,3,2,2024,Tanger
561,Taqi,Amina,F,2002-11-05,amina.taqi@uit.ac.ma,3,3,2023,Casablanca
562,Tahiri,Layla,F,2002-02-03,layla.tahiri@uit.ac.ma,3,3,2023,Casablanca
563,Benhaddane,Walid,M,1998-07-09,walid.benhaddane@uit.ac.ma,3,5,2021,Larache
564,El Hajji,Hana,F,2003-03-06,hana.elhajji@uit.ac.ma,3,2,2024,Kénitra
565,Abdelmoumen,Younes,M,2005-04-06,younes.abdelmoumen@uit.ac.ma,3,3,2023,Sidi Kacem
566,Lemrini,Mostafa,M,1999-09-25,mostafa.lemrini@uit.ac.ma,3,5,2020,Rabat
567,Ennaji,Hassan,M,2003-05-08,hassan.ennaji@uit.ac.ma,3,2,2024,Salé
568,Benomar,Ibrahim,M,2003-01-02,ibrahim.benomar@uit.ac.ma,3,4,2022,Meknès
569,Benkirane,Mostafa,M,2002-05-18,mostafa.benkirane1@uit.ac.ma,3,2,2024,Larache
570,El Hassani,Bouchra,F,2002-11-24,bouchra.elhassani2@uit.ac.ma,3,3,2023,Oujda
571,El Khatib,Bouchra,F,2003-09-08,bouchra.elkhatib@uit.ac.ma,3,2,2024,Rabat
572,Sabri,Younes,M,2003-09-27,younes.sabri@uit.ac.ma,3,5,2021,Casablanca
573,Afilal,Mohamed,M,2003-05-01,mohamed.afilal@uit.ac.ma,3,2,2024,Sidi Kacem
574,Lemrini,Mohamed,M,2001-09-14,mohamed.lemrini1@uit.ac.ma,3,4,2022,Sidi Kacem
575,Taqi,Nihal,F,2003-07-21,nihal.taqi@uit.ac.ma,3,5,2021,Salé
576,Afilal,Lamia,F,2003-11-24,lamia.afilal@uit.ac.ma,3,3,2023,Tanger
577,El Hassani,Ali,M,2002-11-15,ali.elhassani@uit.ac.ma,3,5,2020,Oujda
578,Berrada,Soukaina,F,2003-01-18,soukaina.berrada@uit.ac.ma,3,4,2022,Kénitra
579,Benomar,Adam,M,2000-01-08,adam.benomar2@uit.ac.ma,3,3,2023,Rabat
580,El Ghazi,Zakaria,M,2001-06-15,zakaria.elghazi@uit.ac.ma,3,4,2022,Kénitra
581,El Amrani,Houda,F,2000-02-18,houda.elamrani@uit.ac.ma,3,5,2021,Larache
582,Taqi,Yasmine,F,2006-12-08,yasmine.taqi@uit.ac.ma,3,2,2024,Sidi Kacem
583,Berrada,Youssef,M,2004-09-22,youssef.berrada@uit.ac.ma,3,4,2022,Salé
584,Lahlou,Manal,F,1998-01-24,manal.lahlou@uit.ac.ma,3,5,2021,Tanger
585,Berrada,Hicham,M,2004-11-07,hicham.berrada@uit.ac.ma,3,4,2022,Rabat
586,Nadori,Mohamed,M,2001-02-13,,3,3,2023,Salé
587,Afilal,Mostafa,M,2003-02-08,mostafa.afilal@uit.ac.ma,3,3,2023,Casablanca
588,El Ansari,Wiam,F,2005-06-21,wiam.elansari@uit.ac.ma,3,3,2023,Casablanca
589,Slaoui,Meryem,F,1999-11-25,meryem.slaoui@uit.ac.ma,3,5,2021,Meknès
590,Benali,Rachid,M,2003-12-05,rachid.benali@uit.ac.ma,3,3,2023,Fès
591,Lemrini,Khalid,M,1998-08-07,khalid.lemrini@uit.ac.ma,3,5,2021,Oujda
592,El Yousfi,Jamal,M,2002-09-06,jamal.elyousfi@uit.ac.ma,3,2,2024,Rabat
593,Kettani,Younes,M,2004-11-17,younes.kettani1@uit.ac.ma,3,4,2022,Sidi Kacem
594,El Fathi,Lamia,F,2004-06-24,lamia.elfathi@uit.ac.ma,3,3,2023,Rabat
595,Berrada,Reda,M,2001-09-05,reda.berrada@uit.ac.ma,3,4,2022,Oujda
596,El Filali,Othmane,M,1997-02-02,othmane.elfilali@uit.ac.ma,3,5,2020,Casablanca
597,Slaoui,Hamza,M,2003-10-21,hamza.slaoui@uit.ac.ma,3,5,2021,Sidi Kacem
598,Bensaid,Marouane,M,2001-10-23,,3,5,2020,Rabat
599,Bouazza,Soukaina,F,1999-01-12,soukaina.bouazza@uit.ac.ma,3,4,2022,Tanger
600,Zerrouq,Oumaima,F,2001-05-17,oumaima.zerrouq@uit.ac.ma,3,3,2023,Kénitra
601,Squalli,Leila,F,2006-02-24,leila.squalli@uit.ac.ma,3,2,2024,Salé
602,Benlahcen,Sami,M,1998-03-18,sami.benlahcen@uit.ac.ma,3,5,2021,Tanger
603,Chraibi,Samir,M,2000-11-14,samir.chraibi@uit.ac.ma,3,3,2023,Rabat
604,Fennich,Mounir,M,2003-09-20,mounir.fennich@uit.ac.ma,3,4,2022,Larache
605,Lahlou,Salma,F,2003-11-14,salma.lahlou@uit.ac.ma,3,2,2024,Meknès
606,Taqi,Nabil,M,2000-05-12,nabil.taqi@uit.ac.ma,3,3,2023,Larache
607,Moussaoui,Youssef,M,2001-03-10,youssef.moussaoui1@uit.ac.ma,3,3,2023,Kénitra
608,Benali,Othmane,M,2000-05-18,othmane.benali1@uit.ac.ma,3,3,2023,Tanger
609,Tazi,Houda,F,2000-03-05,houda.tazi@uit.ac.ma,3,5,2020,Fès
610,Bensaid,Bilal,M,2006-10-13,bilal.bensaid@uit.ac.ma,3,2,2024,Oujda
611,Zerrouq,Siham,F,2001-12-23,siham.zerrouq@uit.ac.ma,3,4,2022,Oujda
612,Idrissi,Hicham,M,2001-07-03,hicham.idrissi@uit.ac.ma,3,3,2023,Kénitra
613,El Ghazi,Adnane,M,2006-04-24,adnane.elghazi@uit.ac.ma,3,2,2024,Oujda
614,El Amrani,Nihal,F,2003-06-18,nihal.elamrani@uit.ac.ma,3,5,2021,Oujda
615,Sabri,Bilal,M,1997-07-15,bilal.sabri@uit.ac.ma,3,5,2020,Oujda
616,Moussaoui,Adnane,M,2004-03-11,adnane.moussaoui@uit.ac.ma,3,3,2023,Rabat
617,Rahmouni,Salma,F,2000-09-14,salma.rahmouni@uit.ac.ma,3,5,2021,Casablanca
618,Slaoui,Rachid,M,2000-04-18,rachid.slaoui@uit.ac.ma,3,4,2022,Oujda
619,Cherkaoui,Mehdi,M,2000-06-22,mehdi.cherkaoui@uit.ac.ma,3,5,2021,Oujda
620,El Fathi,Rania,F,2002-06-20,rania.elfathi@uit.ac.ma,3,4,2022,Kénitra
621,El Mesaoudi,Ilyass,M,2003-10-05,ilyass.elmesaoudi1@uit.ac.ma,3,2,2024,Larache
622,Regragui,Sanaa,F,1999-02-04,sanaa.regragui@uit.ac.ma,3,4,2022,Kénitra
623,Moussaoui,Houda,F,1997-02-10,houda.moussaoui@uit.ac.ma,3,5,2020,Larache
624,Squalli,Ayoub,M,1999-05-18,ayoub.squalli@uit.ac.ma,3,5,2021,Larache
625,Taqi,Khadija,F,2000-09-02,khadija.taqi@uit.ac.ma,3,3,2023,Fès
626,El Yousfi,Badr,M,1997-01-03,badr.elyousfi@uit.ac.ma,3,5,2020,Sidi Kacem
627,Tazi,Oumaima,F,1997-07-08,oumaima.tazi@uit.ac.ma,3,5,2020,Sidi Kacem
628,Slaoui,Siham,F,2002-02-06,siham.slaoui@uit.ac.ma,3,2,2024,Salé
629,Idrissi,Ahmed,M,1999-05-11,ahmed.idrissi@uit.ac.ma,3,5,2021,Larache
630,Regragui,Ilyass,M,1999-05-08,ilyass.regragui@uit.ac.ma,3,4,2022,Tanger
631,Taqi,Younes,M,2006-09-09,younes.taqi@uit.ac.ma,3,2,2024,Salé
632,Bouazza,Meryem,F,2001-11-20,meryem.bouazza@uit.ac.ma,3,3,2023,Salé
633,El Khatib,Adnane,M,2004-08-18,adnane.elkhatib@uit.ac.ma,3,2,2024,Casablanca
634,Regragui,Ayoub,M,2005-05-23,ayoub.regragui@uit.ac.ma,3,2,2024,Tanger
635,Ennaji,Karim,M,2005-06-03,karim.ennaji@uit.ac.ma,3,2,2024,Tanger
636,Lahlou,Imane,F,2005-12-01,imane.lahlou1@uit.ac.ma,3,2,2024,Meknès
637,El Khatib,Soufiane,M,1999-12-09,soufiane.elkhatib@uit.ac.ma,3,4,2022,Casablanca
638,Benali,Tariq,M,2001-10-09,tariq.benali@uit.ac.ma,3,3,2023,Oujda
639,El Ouazzani,Bilal,M,2003-02-23,bilal.elouazzani@uit.ac.ma,3,3,2023,Larache
640,Benhaddane,Dina,F,2004-07-16,dina.benhaddane@uit.ac.ma,3,3,2023,Larache
641,El Ghazi,Youssef,M,2005-05-14,youssef.elghazi@uit.ac.ma,3,3,2023,Salé
642,Cherkaoui,Loubna,F,2000-10-16,loubna.cherkaoui@uit.ac.ma,3,5,2021,Meknès
643,Rahmouni,Rania,F,2001-12-27,rania.rahmouni@uit.ac.ma,3,3,2023,Sidi Kacem
644,Hilali,Samir,M,1999-12-26,samir.hilali@uit.ac.ma,3,4,2022,Kénitra
645,Ziani,Youssef,M,2001-12-02,youssef.ziani@uit.ac.ma,3,4,2022,Tanger
646,Berrada,Sara,F,2000-05-25,sara.berrada@uit.ac.ma,3,5,2021,Fès
647,El Amrani,Badr,M,2004-08-27,badr.elamrani@uit.ac.ma,3,3,2023,Larache
648,Boukhari,Tariq,M,2000-09-05,tariq.boukhari@uit.ac.ma,3,3,2023,Sidi Kacem
649,Benkirane,Tariq,M,2000-04-15,tariq.benkirane1@uit.ac.ma,3,3,2023,Rabat
650,Benhaddane,Hind,F,2005-02-23,hind.benhaddane@uit.ac.ma,3,3,2023,Larache
651,Aftyss,Reda,M,2001-10-06,reda.aftyss@uit.ac.ma,3,3,2023,Sidi Kacem
652,Bakkali,Saad,M,2000-03-06,saad.bakkali1@uit.ac.ma,3,3,2023,Casablanca
653,El Khatib,Layla,F,2000-05-21,layla.elkhatib@uit.ac.ma,3,5,2021,Casablanca
654,Alaoui,Rachid,M,2003-01-15,rachid.alaoui@uit.ac.ma,3,3,2023,Larache
655,Hilali,Mohamed,M,2005-04-19,mohamed.hilali@uit.ac.ma,3,2,2024,Larache
656,Hilali,Abdelkarim,M,1998-05-20,abdelkarim.hilali1@uit.ac.ma,3,5,2020,Tanger
657,Sabri,Tariq,M,2000-01-05,tariq.sabri@uit.ac.ma,3,5,2020,Kénitra
658,Bakkali,Manal,F,2006-02-14,manal.bakkali@uit.ac.ma,3,2,2024,Casablanca
659,El Mernissi,Abdelkarim,M,2004-08-24,abdelkarim.elmernissi@uit.ac.ma,3,3,2023,Oujda
660,Lahlou,Hicham,M,2001-02-25,hicham.lahlou@uit.ac.ma,3,4,2022,Sidi Kacem
661,Benomar,Mostafa,M,2000-06-17,mostafa.benomar@uit.ac.ma,3,5,2020,Sidi Kacem
662,El Amrani,Lamia,F,1997-11-17,lamia.elamrani1@uit.ac.ma,3,5,2020,Rabat
663,Mansouri,Hafsa,F,2003-05-17,hafsa.mansouri@uit.ac.ma,3,3,2023,Oujda
664,El Mesaoudi,Ibrahim,M,2001-12-21,ibrahim.elmesaoudi@uit.ac.ma,3,3,2023,Larache
665,El Ouazzani,Badr,M,2004-01-04,badr.elouazzani@uit.ac.ma,3,3,2023,Kénitra
666,El Mesaoudi,Loubna,F,2003-01-11,loubna.elmesaoudi@uit.ac.ma,3,2,2024,Meknès
667,Tahiri,Fatima,F,2001-05-26,fatima.tahiri@uit.ac.ma,3,5,2021,Rabat
668,Boukhari,Othmane,M,1997-06-11,othmane.boukhari1@uit.ac.ma,3,5,2020,Sidi Kacem
669,El Hassani,Ahmed,M,2001-11-16,ahmed.elhassani@uit.ac.ma,3,5,2021,Larache
670,Sabri,Dina,F,2001-06-15,dina.sabri@uit.ac.ma,3,3,2023,Sidi Kacem
671,El Khatib,Sami,M,2000-06-18,,3,3,2023,Tanger
672,Zerrouq,Zakaria,M,2003-05-27,zakaria.zerrouq@uit.ac.ma,3,4,2022,Kénitra
673,Nadori,Ayoub,M,2002-03-20,ayoub.nadori@uit.ac.ma,3,3,2023,Rabat
674,Benhaddane,Siham,F,1999-02-16,siham.benhaddane1@uit.ac.ma,3,5,2020,Salé
675,Squalli,Manal,F,2003-02-12,manal.squalli1@uit.ac.ma,3,4,2022,Kénitra
676,Fennich,Nora,F,1999-09-05,nora.fennich@uit.ac.ma,3,5,2020,Salé
677,El Khatib,Sami,M,2004-02-27,sami.elkhatib1@uit.ac.ma,3,3,2023,Tanger
678,Benkirane,Youssef,M,2000-02-01,youssef.benkirane@uit.ac.ma,3,4,2022,Fès
679,Bouazza,Kawtar,F,2004-02-17,kawtar.bouazza@uit.ac.ma,3,4,2022,Fès
680,Lahlou,Loubna,F,2001-05-18,loubna.lahlou@uit.ac.ma,3,5,2021,Meknès
681,Sabri,Chaima,F,2003-01-20,chaima.sabri@uit.ac.ma,3,5,2021,Tanger
682,Lemrini,Ilyass,M,2003-12-26,ilyass.lemrini@uit.ac.ma,3,4,2022,Fès
683,El Mesaoudi,Hicham,M,2002-08-02,hicham.elmesaoudi@uit.ac.ma,3,2,2024,Casablanca
684,Tazi,Sara,F,2004-07-13,sara.tazi@uit.ac.ma,3,4,2022,Casablanca
685,El Mesaoudi,Nora,F,2002-04-23,nora.elmesaoudi@uit.ac.ma,3,4,2022,Tanger
686,El Mernissi,Asma,F,1997-08-04,asma.elmernissi@uit.ac.ma,3,5,2020,Larache
687,El Baraka,Asma,F,2002-03-28,asma.elbaraka@uit.ac.ma,3,5,2021,Oujda
688,Afilal,Tariq,M,2004-06-15,tariq.afilal@uit.ac.ma,3,2,2024,Larache
689,El Baraka,Ilyass,M,2003-05-25,ilyass.elbaraka@uit.ac.ma,3,4,2022,Meknès
690,Rahmouni,Hamza,M,2006-06-18,hamza.rahmouni@uit.ac.ma,3,2,2024,Rabat
691,Boudouma,Mounir,M,2000-04-18,mounir.boudouma@uit.ac.ma,3,4,2022,Casablanca
692,Squalli,Zakaria,M,2002-07-26,zakaria.squalli@uit.ac.ma,3,2,2024,Sidi Kacem
693,El Hassani,Mehdi,M,2005-12-23,mehdi.elhassani@uit.ac.ma,3,3,2023,Oujda
694,Benkirane,Abdelkarim,M,2004-08-06,abdelkarim.benkirane@uit.ac.ma,3,4,2022,Fès
695,Regragui,Hamza,M,2003-06-16,hamza.regragui@uit.ac.ma,3,2,2024,Kénitra
696,El Ansari,Hana,F,2005-03-22,hana.elansari@uit.ac.ma,3,3,2023,Casablanca
697,El Mernissi,Badr,M,2003-11-11,badr.elmernissi@uit.ac.ma,3,4,2022,Fès
698,Mansouri,Manal,F,2003-02-19,manal.mansouri@uit.ac.ma,3,3,2023,Kénitra
699,Moussaoui,Ibrahim,M,1998-01-01,ibrahim.moussaoui@uit.ac.ma,3,5,2020,Tanger
700,Benali,Walid,M,1998-10-13,walid.benali@uit.ac.ma,3,5,2021,Meknès
701,Kettani,Adnane,M,2002-08-05,adnane.kettani@uit.ac.ma,3,5,2021,Salé
702,El Ghazi,Oumaima,F,1998-03-05,oumaima.elghazi@uit.ac.ma,3,5,2021,Kénitra
703,Benlahcen,Ismail,M,2003-02-05,ismail.benlahcen@uit.ac.ma,3,4,2022,Sidi Kacem
704,Mansouri,Kawtar,F,2002-09-14,kawtar.mansouri@uit.ac.ma,3,3,2023,Tanger
705,El Hassani,Bilal,M,2004-10-16,bilal.elhassani@uit.ac.ma,3,4,2022,Salé
706,El Mernissi,Ayoub,M,2004-10-16,ayoub.elmernissi@uit.ac.ma,3,4,2022,Meknès
707,Sabri,Hassan,M,2001-05-15,hassan.sabri@uit.ac.ma,3,3,2023,Tanger
708,Ziani,Amina,F,1999-11-22,amina.ziani1@uit.ac.ma,3,4,2022,Rabat
709,El Khatib,Marouane,M,2003-09-25,marouane.elkhatib@uit.ac.ma,3,3,2023,Kénitra
710,El Mernissi,Mostafa,M,2002-06-26,mostafa.elmernissi@uit.ac.ma,3,3,2023,Fès
711,Abdelmoumen,Abdelkarim,M,1999-05-02,abdelkarim.abdelmoumen@uit.ac.ma,3,5,2021,Larache
712,Abdelmoumen,Walid,M,2003-08-03,walid.abdelmoumen@uit.ac.ma,3,3,2023,Casablanca
713,Bensaid,Chaima,F,2000-05-28,,3,5,2020,Fès
714,Boudouma,Tariq,M,2000-08-12,tariq.boudouma@uit.ac.ma,3,3,2023,Casablanca
715,El Hassani,Soukaina,F,2005-06-03,soukaina.elhassani@uit.ac.ma,3,3,2023,Casablanca
716,El Ansari,Soukaina,F,2003-04-22,soukaina.elansari@uit.ac.ma,3,2,2024,Larache
717,Aftyss,Samir,M,2006-11-09,samir.aftyss@uit.ac.ma,3,2,2024,Rabat
718,El Khatib,Mostafa,M,2000-04-13,mostafa.elkhatib@uit.ac.ma,3,4,2022,Sidi Kacem
719,Alaoui,Adnane,M,2000-07-22,adnane.alaoui1@uit.ac.ma,3,5,2021,Meknès
720,Tazi,Nadia,F,2001-06-28,nadia.tazi@uit.ac.ma,3,2,2024,Sidi Kacem
721,Bakkali,Chaima,F,2003-05-21,chaima.bakkali@uit.ac.ma,3,5,2021,Oujda
722,Aftyss,Ghita,F,2004-09-11,ghita.aftyss@uit.ac.ma,3,3,2023,Casablanca
723,Cherkaoui,Mohamed,M,2002-09-04,mohamed.cherkaoui@uit.ac.ma,3,5,2020,Larache
724,Berrada,Yasmine,F,1998-02-02,yasmine.berrada1@uit.ac.ma,3,5,2020,Oujda
725,Tahiri,Kawtar,F,2002-02-28,kawtar.tahiri@uit.ac.ma,3,5,2020,Oujda
726,El Hassani,Nour,F,2001-03-09,nour.elhassani@uit.ac.ma,3,2,2024,Fès
727,El Yousfi,Asma,F,2000-11-25,asma.elyousfi@uit.ac.ma,3,3,2023,Meknès
728,Boukhari,Chaima,F,1999-06-02,chaima.boukhari@uit.ac.ma,3,5,2020,Fès
729,Cherkaoui,Khalid,M,2003-10-13,khalid.cherkaoui@uit.ac.ma,3,4,2022,Casablanca
730,Boukhari,Ayoub,M,2000-11-04,ayoub.boukhari@uit.ac.ma,3,4,2022,Larache
731,Cherkaoui,Ali,M,2003-08-01,ali.cherkaoui@uit.ac.ma,3,3,2023,Larache
732,Benlahcen,Nadia,F,2003-12-11,nadia.benlahcen@uit.ac.ma,3,4,2022,Sidi Kacem
733,El Baraka,Ismail,M,1999-02-18,,3,4,2022,Salé
734,El Filali,Dina,F,2003-06-22,dina.elfilali@uit.ac.ma,3,3,2023,Fès
735,El Fathi,Amina,F,2002-02-27,amina.elfathi@uit.ac.ma,3,4,2022,Larache
736,El Hassani,Rachid,M,2001-11-07,rachid.elhassani1@uit.ac.ma,3,4,2022,Fès
737,Slaoui,Ikram,F,1997-08-24,ikram.slaoui@uit.ac.ma,3,5,2020,Salé
738,Ziani,Marouane,M,2004-09-21,marouane.ziani@uit.ac.ma,3,4,2022,Fès
739,Benali,Nora,F,2002-06-26,nora.benali@uit.ac.ma,3,5,2020,Kénitra
740,Benkirane,Sami,M,2002-03-24,sami.benkirane1@uit.ac.ma,3,2,2024,Oujda
741,Slaoui,Karim,M,2002-10-02,karim.slaoui@uit.ac.ma,3,3,2023,Salé
742,Tahiri,Tariq,M,2000-02-15,tariq.tahiri@uit.ac.ma,3,5,2020,Oujda
743,El Filali,Hamza,M,2000-04-03,hamza.elfilali@uit.ac.ma,3,4,2022,Salé
744,Lahlou,Samira,F,1997-10-18,samira.lahlou@uit.ac.ma,3,5,2020,Casablanca
745,El Ansari,Loubna,F,2001-06-03,loubna.elansari1@uit.ac.ma,3,5,2020,Rabat
746,Afilal,Hind,F,2003-08-08,hind.afilal@uit.ac.ma,3,4,2022,Oujda
747,Taqi,Badr,M,2005-08-03,,3,3,2023,Kénitra
748,Moussaoui,Hana,F,2001-12-05,hana.moussaoui@uit.ac.ma,3,4,2022,Salé
749,El Ghazi,Khalid,M,2002-10-23,khalid.elghazi1@uit.ac.ma,3,5,2021,Kénitra
750,Bouazza,Lamia,F,2003-06-14,lamia.bouazza@uit.ac.ma,3,3,2023,Kénitra
751,Tazi,Sami,M,2001-09-08,sami.tazi@uit.ac.ma,3,3,2023,Larache
752,El Amrani,Chaima,F,2002-11-28,chaima.elamrani@uit.ac.ma,3,5,2021,Larache
753,El Amrani,Youssef,M,2003-04-14,youssef.elamrani@uit.ac.ma,3,3,2023,Fès
754,Idrissi,Asma,F,2002-09-06,asma.idrissi@uit.ac.ma,3,5,2020,Casablanca
755,Cherkaoui,Anas,M,2001-08-19,anas.cherkaoui@uit.ac.ma,3,2,2024,Oujda
756,El Ouazzani,Othmane,M,2003-04-04,othmane.elouazzani@uit.ac.ma,3,3,2023,Salé
757,El Ouazzani,Nihal,F,1998-08-02,nihal.elouazzani@uit.ac.ma,3,5,2020,Sidi Kacem
758,El Hassani,Asma,F,2003-08-24,asma.elhassani@uit.ac.ma,3,4,2022,Salé
759,Bakkali,Sanaa,F,1997-10-02,sanaa.bakkali@uit.ac.ma,3,5,2020,Fès
760,El Ghazi,Asma,F,2001-04-10,asma.elghazi@uit.ac.ma,3,5,2021,Oujda
761,Nadori,Lamia,F,2001-04-03,lamia.nadori@uit.ac.ma,3,3,2023,Sidi Kacem
762,Boudouma,Nabil,M,2001-05-01,nabil.boudouma@uit.ac.ma,3,4,2022,Sidi Kacem
763,Mansouri,Othmane,M,2001-03-19,othmane.mansouri@uit.ac.ma,3,3,2023,Kénitra
764,Aftyss,Mostafa,M,2005-07-17,mostafa.aftyss@uit.ac.ma,3,3,2023,Sidi Kacem
765,Bouzidi,Zineb,F,2004-09-25,zineb.bouzidi@uit.ac.ma,3,4,2022,Kénitra
766,Benomar,Nabil,M,2003-11-03,nabil.benomar@uit.ac.ma,3,4,2022,Kénitra
767,El Mernissi,Jamal,M,2005-08-15,jamal.elmernissi@uit.ac.ma,3,3,2023,Casablanca
768,Tahiri,Amine,M,1999-01-28,amine.tahiri@uit.ac.ma,3,4,2022,Rabat
769,Idrissi,Jihane,F,2001-12-20,jihane.idrissi@uit.ac.ma,3,5,2021,Tanger
770,El Mesaoudi,Hassan,M,2001-01-17,hassan.elmesaoudi1@uit.ac.ma,3,2,2024,Meknès
771,Benkirane,Amine,M,2003-06-06,amine.benkirane@uit.ac.ma,3,3,2023,Tanger
772,Benomar,Nabil,M,2005-09-04,nabil.benomar1@uit.ac.ma,3,2,2024,Larache
773,El Ansari,Loubna,F,2004-06-12,loubna.elansari2@uit.ac.ma,3,3,2023,Fès
774,Cherkaoui,Omar,M,2001-08-17,omar.cherkaoui@uit.ac.ma,3,4,2022,Tanger
775,Regragui,Ayoub,M,2004-08-20,ayoub.regragui1@uit.ac.ma,3,2,2024,Meknès
776,Berrada,Leila,F,2003-02-03,leila.berrada@uit.ac.ma,3,2,2024,Sidi Kacem
777,Tazi,Ali,M,2003-12-05,ali.tazi@uit.ac.ma,3,5,2021,Larache
778,Moussaoui,Ahmed,M,1999-09-05,ahmed.moussaoui@uit.ac.ma,3,4,2022,Larache
779,Moussaoui,Ahmed,M,2003-04-27,ahmed.moussaoui1@uit.ac.ma,3,5,2021,Tanger
780,Ennaji,Zakaria,M,2003-08-19,zakaria.ennaji@uit.ac.ma,3,3,2023,Tanger
781,El Mernissi,Hicham,M,2000-03-26,hicham.elmernissi@uit.ac.ma,4,5,2020,Fès
782,Boukhari,Walid,M,2005-06-10,walid.boukhari@uit.ac.ma,4,2,2024,Larache
783,Benhaddane,Saad,M,2003-03-27,saad.benhaddane@uit.ac.ma,4,4,2022,Casablanca
784,El Mernissi,Othmane,M,2000-06-06,othmane.elmernissi@uit.ac.ma,4,5,2020,Salé
785,Chraibi,Othmane,M,2000-09-06,othmane.chraibi@uit.ac.ma,4,5,2021,Tanger
786,Slaoui,Samira,F,2002-06-05,samira.slaoui@uit.ac.ma,4,3,2023,Kénitra
787,Bakkali,Nassim,M,2003-08-10,nassim.bakkali@uit.ac.ma,4,3,2023,Oujda
788,Bakkali,Nora,F,2000-08-02,nora.bakkali1@uit.ac.ma,4,3,2023,Casablanca
789,Rahmouni,Ahmed,M,2004-08-12,ahmed.rahmouni@uit.ac.ma,4,3,2023,Rabat
790,Boudouma,Rachid,M,2002-04-01,rachid.boudouma@uit.ac.ma,4,4,2022,Rabat
791,Fennich,Hassan,M,2001-06-20,hassan.fennich@uit.ac.ma,4,4,2022,Oujda
792,Rahmouni,Amine,M,2000-06-13,,4,5,2021,Meknès
793,Bouzidi,Hicham,M,2006-04-24,hicham.bouzidi@uit.ac.ma,4,2,2024,Larache
794,Moussaoui,Khalid,M,1998-07-24,khalid.moussaoui@uit.ac.ma,4,5,2021,Sidi Kacem
795,Sabri,Hassan,M,2000-09-11,hassan.sabri1@uit.ac.ma,4,5,2021,Rabat
796,Bouazza,Reda,M,1997-05-14,reda.bouazza@uit.ac.ma,4,5,2020,Casablanca
797,Berrada,Meryem,F,2000-05-18,meryem.berrada1@uit.ac.ma,4,5,2021,Larache
798,El Khatib,Hana,F,1999-08-08,hana.elkhatib@uit.ac.ma,4,4,2022,Kénitra
799,Tahiri,Hicham,M,2003-02-21,hicham.tahiri@uit.ac.ma,4,2,2024,Fès
800,Benali,Mehdi,M,2000-08-03,mehdi.benali@uit.ac.ma,4,5,2020,Oujda
801,Mansouri,Samir,M,2001-11-16,samir.mansouri@uit.ac.ma,4,2,2024,Rabat
802,Bensaid,Khadija,F,2003-03-11,khadija.bensaid1@uit.ac.ma,4,5,2021,Larache
803,El Amrani,Saad,M,2000-11-12,saad.elamrani@uit.ac.ma,4,5,2021,Kénitra
804,Fennich,Ali,M,1998-03-25,ali.fennich@uit.ac.ma,4,5,2021,Rabat
805,Lahlou,Othmane,M,2001-05-09,othmane.lahlou1@uit.ac.ma,4,2,2024,Meknès
806,Alaoui,Karim,M,2000-06-25,karim.alaoui@uit.ac.ma,4,5,2020,Larache
807,Tazi,Hind,F,1999-04-27,hind.tazi1@uit.ac.ma,4,5,2021,Salé
808,Kettani,Sami,M,2000-02-14,sami.kettani1@uit.ac.ma,4,3,2023,Larache
809,Benali,Ibrahim,M,2002-12-12,ibrahim.benali@uit.ac.ma,4,4,2022,Casablanca
810,El Hajji,Kawtar,F,2003-03-23,kawtar.elhajji@uit.ac.ma,4,3,2023,Fès
811,Benomar,Rim,F,2005-12-08,rim.benomar@uit.ac.ma,4,2,2024,Fès
812,Mansouri,Hassan,M,2005-02-01,hassan.mansouri@uit.ac.ma,4,3,2023,Larache
813,Idrissi,Hamza,M,2001-10-02,hamza.idrissi@uit.ac.ma,4,3,2023,Larache
814,El Khatib,Ali,M,2005-02-20,ali.elkhatib@uit.ac.ma,4,3,2023,Salé
815,Benali,Ilyass,M,1997-05-19,ilyass.benali@uit.ac.ma,4,5,2020,Meknès
816,Ziani,Lamia,F,2004-02-27,lamia.ziani@uit.ac.ma,4,4,2022,Oujda
817,Moussaoui,Rachid,M,1999-01-24,rachid.moussaoui@uit.ac.ma,4,5,2021,Rabat
818,El Fathi,Dina,F,2004-08-22,dina.elfathi@uit.ac.ma,4,3,2023,Rabat
819,Mansouri,Reda,M,2002-07-04,reda.mansouri@uit.ac.ma,4,5,2021,Meknès
820,Slaoui,Ibrahim,M,2000-05-18,ibrahim.slaoui@uit.ac.ma,4,3,2023,Kénitra
821,Moussaoui,Reda,M,1999-05-22,reda.moussaoui1@uit.ac.ma,4,4,2022,Larache
822,Berrada,Adnane,M,2003-11-12,,4,2,2024,Casablanca
823,Rahmouni,Zineb,F,1999-11-03,zineb.rahmouni@uit.ac.ma,4,4,2022,Rabat
824,Tazi,Marouane,M,2004-02-12,marouane.tazi@uit.ac.ma,4,3,2023,Salé
825,El Filali,Mounir,M,2000-12-16,mounir.elfilali@uit.ac.ma,4,5,2021,Fès
826,El Yousfi,Hana,F,2000-07-12,hana.elyousfi@uit.ac.ma,4,3,2023,Larache
827,Fennich,Soukaina,F,2000-02-04,soukaina.fennich@uit.ac.ma,4,5,2021,Fès
828,Benali,Ibrahim,M,2002-02-16,ibrahim.benali1@uit.ac.ma,4,5,2020,Kénitra
829,Sabri,Othmane,M,1999-02-25,othmane.sabri@uit.ac.ma,4,5,2021,Rabat
830,Zerrouq,Ismail,M,2002-11-16,ismail.zerrouq@uit.ac.ma,4,4,2022,Larache
831,Kettani,Ayoub,M,2002-07-04,ayoub.kettani@uit.ac.ma,4,5,2020,Sidi Kacem
832,Benkirane,Nora,F,2001-09-22,nora.benkirane1@uit.ac.ma,4,5,2020,Fès
833,Benomar,Adnane,M,2001-08-25,adnane.benomar@uit.ac.ma,4,4,2022,Rabat
834,Regragui,Rayan,M,2001-08-18,rayan.regragui@uit.ac.ma,4,4,2022,Casablanca
835,Boudouma,Ismail,M,2002-11-12,ismail.boudouma@uit.ac.ma,4,2,2024,Fès
836,Benomar,Youssef,M,2004-12-19,youssef.benomar@uit.ac.ma,4,2,2024,Kénitra
837,Tazi,Nihal,F,2002-07-12,nihal.tazi@uit.ac.ma,4,4,2022,Kénitra
838,Boudouma,Hicham,M,1997-02-28,hicham.boudouma@uit.ac.ma,4,5,2020,Fès
839,Lahlou,Ayoub,M,1997-07-19,ayoub.lahlou@uit.ac.ma,4,5,2020,Tanger
840,Boudouma,Mostafa,M,2000-07-19,mostafa.boudouma@uit.ac.ma,4,5,2020,Sidi Kacem
841,Tazi,Ismail,M,2004-06-16,ismail.tazi@uit.ac.ma,4,3,2023,Tanger
842,El Mesaoudi,Hind,F,2000-04-16,hind.elmesaoudi@uit.ac.ma,4,5,2021,Rabat
843,Bensaid,Walid,M,1998-07-26,walid.bensaid@uit.ac.ma,4,5,2020,Salé
844,Tazi,Hana,F,2003-02-19,hana.tazi@uit.ac.ma,4,3,2023,Tanger
845,Ennaji,Ali,M,2002-05-14,ali.ennaji@uit.ac.ma,4,2,2024,Tanger
846,El Mesaoudi,Younes,M,1999-09-06,younes.elmesaoudi@uit.ac.ma,4,4,2022,Kénitra
847,El Mernissi,Tariq,M,1999-12-15,tariq.elmernissi@uit.ac.ma,4,4,2022,Fès
848,Boukhari,Badr,M,2002-12-21,badr.boukhari@uit.ac.ma,4,2,2024,Kénitra
849,Ziani,Karim,M,1998-05-28,karim.ziani@uit.ac.ma,4,5,2021,Sidi Kacem
850,Tahiri,Leila,F,2000-05-27,leila.tahiri@uit.ac.ma,4,5,2021,Fès
851,Ziani,Abdelkarim,M,2004-03-07,abdelkarim.ziani@uit.ac.ma,4,4,2022,Kénitra
852,Slaoui,Asma,F,2001-07-21,asma.slaoui1@uit.ac.ma,4,4,2022,Kénitra
853,Bensaid,Ahmed,M,2003-11-18,ahmed.bensaid@uit.ac.ma,4,3,2023,Casablanca
854,Zerrouq,Ismail,M,2002-06-20,ismail.zerrouq1@uit.ac.ma,4,5,2020,Fès
855,El Fathi,Layla,F,2005-07-27,layla.elfathi@uit.ac.ma,4,3,2023,Casablanca
856,El Filali,Nassim,M,2000-09-09,nassim.elfilali1@uit.ac.ma,4,4,2022,Larache
857,Boukhari,Anas,M,2004-10-24,anas.boukhari@uit.ac.ma,4,2,2024,Sidi Kacem
858,Squalli,Rania,F,2002-04-09,rania.squalli@uit.ac.ma,4,5,2021,Larache
859,Slaoui,Sara,F,1999-02-11,sara.slaoui@uit.ac.ma,4,4,2022,Tanger
860,Zerrouq,Chaima,F,2004-08-23,chaima.zerrouq@uit.ac.ma,4,2,2024,Meknès
861,Idrissi,Abdelkarim,M,2001-01-23,abdelkarim.idrissi2@uit.ac.ma,4,2,2024,Salé
862,Regragui,Amine,M,2001-08-13,amine.regragui@uit.ac.ma,4,5,2020,Kénitra
863,El Khatib,Younes,M,2001-05-07,younes.elkhatib@uit.ac.ma,4,5,2020,Casablanca
864,Zerrouq,Layla,F,2002-08-16,layla.zerrouq1@uit.ac.ma,4,5,2020,Sidi Kacem
865,Tazi,Adnane,M,2001-05-17,adnane.tazi@uit.ac.ma,4,2,2024,Rabat
866,Abdelmoumen,Rayan,M,1999-01-25,rayan.abdelmoumen@uit.ac.ma,4,4,2022,Kénitra
867,Zerrouq,Khalid,M,2005-07-07,khalid.zerrouq@uit.ac.ma,4,3,2023,Fès
868,Ziani,Saad,M,1999-03-28,saad.ziani@uit.ac.ma,4,4,2022,Oujda
869,Bouzidi,Siham,F,1999-03-09,siham.bouzidi@uit.ac.ma,4,4,2022,Casablanca
870,Berrada,Hafsa,F,2000-03-13,hafsa.berrada@uit.ac.ma,4,5,2020,Sidi Kacem
871,Benali,Rim,F,2002-11-20,rim.benali@uit.ac.ma,4,2,2024,Salé
872,Bensaid,Sanaa,F,2004-01-13,sanaa.bensaid@uit.ac.ma,4,3,2023,Oujda
873,El Fathi,Hassan,M,1999-02-01,hassan.elfathi1@uit.ac.ma,4,5,2021,Tanger
874,Regragui,Asma,F,2003-12-07,asma.regragui@uit.ac.ma,4,4,2022,Salé
875,Moussaoui,Chaima,F,2002-03-14,chaima.moussaoui@uit.ac.ma,4,3,2023,Salé
876,Aftyss,Hafsa,F,2002-03-14,hafsa.aftyss@uit.ac.ma,4,3,2023,Casablanca
877,El Mesaoudi,Ghita,F,2003-06-19,ghita.elmesaoudi@uit.ac.ma,4,4,2022,Larache
878,Afilal,Othmane,M,2003-12-13,othmane.afilal@uit.ac.ma,4,4,2022,Sidi Kacem
879,Lemrini,Hamza,M,2000-04-16,hamza.lemrini@uit.ac.ma,4,5,2020,Meknès
880,Benhaddane,Kawtar,F,2005-01-09,kawtar.benhaddane@uit.ac.ma,4,3,2023,Tanger
881,Benlahcen,Mounir,M,2000-01-19,mounir.benlahcen@uit.ac.ma,4,4,2022,Casablanca
882,Benkirane,Zakaria,M,2000-12-17,zakaria.benkirane@uit.ac.ma,4,5,2020,Sidi Kacem
883,Benomar,Youssef,M,2002-12-12,youssef.benomar1@uit.ac.ma,4,4,2022,Sidi Kacem
884,El Ansari,Lamia,F,2002-06-14,lamia.elansari@uit.ac.ma,4,2,2024,Casablanca
885,Lemrini,Houda,F,2001-11-26,houda.lemrini@uit.ac.ma,4,2,2024,Larache
886,El Hassani,Bilal,M,2000-03-23,bilal.elhassani1@uit.ac.ma,4,5,2020,Larache
887,Idrissi,Soukaina,F,1999-09-16,soukaina.idrissi@uit.ac.ma,4,4,2022,Larache
888,El Filali,Houda,F,2003-05-06,houda.elfilali@uit.ac.ma,4,4,2022,Casablanca
889,Benlahcen,Nour,F,2001-01-17,nour.benlahcen@uit.ac.ma,4,3,2023,Oujda
890,Boukhari,Ghita,F,2004-06-01,ghita.boukhari@uit.ac.ma,4,4,2022,Fès
891,El Fathi,Samira,F,2005-06-05,samira.elfathi@uit.ac.ma,4,3,2023,Kénitra
892,Benkirane,Dina,F,2003-10-22,dina.benkirane1@uit.ac.ma,4,3,2023,Kénitra
893,Bouzidi,Badr,M,1999-12-26,badr.bouzidi@uit.ac.ma,4,4,2022,Oujda
894,Lahlou,Hafsa,F,2000-02-18,hafsa.lahlou@uit.ac.ma,4,3,2023,Oujda
895,Ziani,Tariq,M,2003-02-01,tariq.ziani@uit.ac.ma,4,2,2024,Salé
896,Ennaji,Hafsa,F,2000-03-04,hafsa.ennaji@uit.ac.ma,4,3,2023,Fès
897,Regragui,Hicham,M,2003-11-04,hicham.regragui@uit.ac.ma,4,3,2023,Meknès
898,El Baraka,Reda,M,1999-07-03,reda.elbaraka1@uit.ac.ma,4,5,2021,Sidi Kacem
899,Tahiri,Adnane,M,2004-09-11,adnane.tahiri@uit.ac.ma,4,4,2022,Larache
900,Slaoui,Houda,F,1999-09-03,houda.slaoui@uit.ac.ma,4,4,2022,Fès
901,El Khatib,Mostafa,M,2002-11-10,mostafa.elkhatib1@uit.ac.ma,4,5,2021,Salé
902,Lemrini,Omar,M,2002-09-04,omar.lemrini@uit.ac.ma,4,5,2020,Tanger
903,Bensaid,Samir,M,2000-02-25,,4,4,2022,Tanger
904,El Hassani,Asma,F,2002-01-03,asma.elhassani1@uit.ac.ma,4,3,2023,Sidi Kacem
905,Aftyss,Marouane,M,1999-08-20,marouane.aftyss1@uit.ac.ma,4,4,2022,Fès
906,Squalli,Imane,F,1998-10-09,imane.squalli@uit.ac.ma,4,5,2021,Rabat
907,El Filali,Mounir,M,1997-08-15,mounir.elfilali1@uit.ac.ma,4,5,2020,Sidi Kacem
908,Aftyss,Kawtar,F,2000-10-12,kawtar.aftyss@uit.ac.ma,4,4,2022,Sidi Kacem
909,Alaoui,Ibrahim,M,2003-12-07,ibrahim.alaoui@uit.ac.ma,4,5,2021,Kénitra
910,Mansouri,Ghita,F,2002-04-03,ghita.mansouri@uit.ac.ma,4,2,2024,Fès
911,Benali,Adnane,M,2001-12-23,adnane.benali@uit.ac.ma,4,5,2020,Larache
912,Boudouma,Khalid,M,2001-10-27,khalid.boudouma@uit.ac.ma,4,5,2021,Sidi Kacem
913,El Ghazi,Adnane,M,2001-10-20,adnane.elghazi1@uit.ac.ma,4,2,2024,Tanger
914,Slaoui,Mounir,M,1999-10-22,mounir.slaoui@uit.ac.ma,4,4,2022,Larache
915,Mansouri,Ahmed,M,2001-02-09,ahmed.mansouri@uit.ac.ma,4,3,2023,Sidi Kacem
916,Ennaji,Badr,M,1999-07-01,badr.ennaji@uit.ac.ma,4,4,2022,Casablanca
917,Bouzidi,Ilyass,M,2002-10-22,ilyass.bouzidi1@uit.ac.ma,4,5,2021,Meknès
918,Benomar,Asma,F,2001-12-13,asma.benomar@uit.ac.ma,4,2,2024,Sidi Kacem
919,Zerrouq,Oumaima,F,2003-10-07,oumaima.zerrouq1@uit.ac.ma,4,4,2022,Fès
920,Benomar,Mostafa,M,2002-10-16,mostafa.benomar1@uit.ac.ma,4,5,2021,Rabat
921,El Khatib,Soukaina,F,1999-01-01,soukaina.elkhatib@uit.ac.ma,4,5,2021,Meknès
922,El Hassani,Saad,M,2002-01-26,saad.elhassani1@uit.ac.ma,4,2,2024,Rabat
923,El Filali,Bilal,M,2002-05-11,bilal.elfilali@uit.ac.ma,4,3,2023,Meknès
924,El Yousfi,Salma,F,2001-09-20,salma.elyousfi@uit.ac.ma,4,2,2024,Rabat
925,Benkirane,Nora,F,2006-02-26,nora.benkirane2@uit.ac.ma,4,2,2024,Oujda
926,Lemrini,Zineb,F,2002-03-21,zineb.lemrini@uit.ac.ma,4,5,2020,Rabat
927,Aftyss,Hind,F,2000-09-16,hind.aftyss@uit.ac.ma,4,5,2021,Rabat
928,El Filali,Ibrahim,M,2003-07-25,ibrahim.elfilali@uit.ac.ma,4,2,2024,Kénitra
929,Moussaoui,Wiam,F,2004-05-12,wiam.moussaoui@uit.ac.ma,4,4,2022,Sidi Kacem
930,El Ansari,Houda,F,2002-04-05,houda.elansari@uit.ac.ma,4,3,2023,Sidi Kacem
931,El Hajji,Jamal,M,2003-01-15,jamal.elhajji@uit.ac.ma,4,3,2023,Casablanca
932,Cherkaoui,Jihane,F,2000-07-25,jihane.cherkaoui@uit.ac.ma,4,5,2020,Casablanca
933,Benlahcen,Youssef,M,2005-10-02,youssef.benlahcen@uit.ac.ma,4,2,2024,Tanger
934,El Khatib,Rayan,M,2003-06-01,rayan.elkhatib@uit.ac.ma,4,3,2023,Fès
935,Afilal,Karim,M,1999-04-18,karim.afilal@uit.ac.ma,4,4,2022,Oujda
936,Zerrouq,Ikram,F,2004-05-03,ikram.zerrouq@uit.ac.ma,4,3,2023,Kénitra
937,El Hajji,Ibrahim,M,2004-04-03,ibrahim.elhajji@uit.ac.ma,4,2,2024,Tanger
938,Benali,Saad,M,1998-10-09,saad.benali@uit.ac.ma,4,5,2020,Salé
939,Fennich,Adnane,M,2002-06-09,adnane.fennich@uit.ac.ma,4,5,2020,Tanger
940,Bouzidi,Anas,M,1998-01-15,anas.bouzidi@uit.ac.ma,4,5,2021,Meknès
941,El Mernissi,Hana,F,2000-11-18,hana.elmernissi@uit.ac.ma,4,3,2023,Oujda
942,Regragui,Samir,M,1999-09-24,samir.regragui@uit.ac.ma,4,5,2020,Salé
943,Boukhari,Rachid,M,2004-03-23,rachid.boukhari1@uit.ac.ma,4,4,2022,Sidi Kacem
944,Mansouri,Omar,M,2003-04-15,omar.mansouri@uit.ac.ma,4,2,2024,Rabat
945,Lemrini,Marouane,M,2001-05-19,marouane.lemrini@uit.ac.ma,4,4,2022,Larache
946,Aftyss,Soukaina,F,2005-03-17,soukaina.aftyss@uit.ac.ma,4,2,2024,Casablanca
947,El Hajji,Nassim,M,2001-08-16,nassim.elhajji@uit.ac.ma,4,5,2020,Kénitra
948,El Filali,Oumaima,F,2002-02-04,oumaima.elfilali@uit.ac.ma,4,3,2023,Meknès
949,El Filali,Karim,M,2002-05-10,karim.elfilali@uit.ac.ma,4,4,2022,Larache
950,El Ghazi,Marouane,M,2000-05-07,marouane.elghazi@uit.ac.ma,4,5,2020,Casablanca
951,Lemrini,Anas,M,2004-07-16,anas.lemrini@uit.ac.ma,4,4,2022,Oujda
952,Zerrouq,Zakaria,M,1999-10-05,zakaria.zerrouq1@uit.ac.ma,4,4,2022,Casablanca
953,Benlahcen,Khalid,M,1999-06-03,khalid.benlahcen@uit.ac.ma,4,4,2022,Oujda
954,Rahmouni,Bilal,M,2004-11-15,bilal.rahmouni@uit.ac.ma,4,4,2022,Fès
955,El Mernissi,Khadija,F,2000-05-18,khadija.elmernissi@uit.ac.ma,4,3,2023,Rabat
956,Kettani,Badr,M,2005-10-17,badr.kettani@uit.ac.ma,4,3,2023,Salé
957,El Filali,Ahmed,M,2001-03-01,ahmed.elfilali@uit.ac.ma,4,3,2023,Fès
958,Bouzidi,Marouane,M,1998-10-11,marouane.bouzidi1@uit.ac.ma,4,5,2020,Sidi Kacem
959,Bakkali,Ahmed,M,2001-01-28,ahmed.bakkali@uit.ac.ma,4,4,2022,Tanger
960,Tazi,Anas,M,2002-03-06,anas.tazi@uit.ac.ma,4,4,2022,Fès
961,Regragui,Soufiane,M,1999-06-06,soufiane.regragui@uit.ac.ma,4,5,2021,Kénitra
962,Lahlou,Hamza,M,2001-05-13,hamza.lahlou@uit.ac.ma,4,5,2021,Rabat
963,Boudouma,Abdelkarim,M,1999-09-13,abdelkarim.boudouma@uit.ac.ma,4,5,2021,Rabat
964,El Ghazi,Rayan,M,2002-07-21,rayan.elghazi@uit.ac.ma,4,5,2020,Salé
965,Boudouma,Rayan,M,2004-09-21,rayan.boudouma@uit.ac.ma,4,3,2023,Casablanca
966,Tahiri,Hassan,M,2003-06-18,hassan.tahiri@uit.ac.ma,4,4,2022,Casablanca
967,Lemrini,Adnane,M,2004-08-27,adnane.lemrini@uit.ac.ma,4,4,2022,Oujda
968,El Amrani,Fatima,F,2003-05-20,fatima.elamrani1@uit.ac.ma,4,2,2024,Fès
969,Tahiri,Ilyass,M,1999-05-02,ilyass.tahiri@uit.ac.ma,4,5,2021,Casablanca
970,Bouazza,Hicham,M,2004-03-24,hicham.bouazza@uit.ac.ma,4,4,2022,Tanger
971,El Mesaoudi,Loubna,F,2002-11-11,loubna.elmesaoudi1@uit.ac.ma,4,4,2022,Fès
972,Ziani,Chaima,F,2003-06-07,chaima.ziani@uit.ac.ma,4,3,2023,Larache
973,Ennaji,Ibrahim,M,2002-08-01,ibrahim.ennaji@uit.ac.ma,4,2,2024,Kénitra
974,El Ansari,Ismail,M,2004-11-21,ismail.elansari@uit.ac.ma,4,4,2022,Rabat
975,Regragui,Nora,F,1999-10-12,nora.regragui@uit.ac.ma,4,5,2020,Sidi Kacem
976,El Filali,Fatima,F,2003-08-01,fatima.elfilali1@uit.ac.ma,4,4,2022,Salé
977,Berrada,Ikram,F,1998-11-10,ikram.berrada@uit.ac.ma,4,5,2020,Salé
978,Idrissi,Amine,M,1998-12-20,,4,5,2021,Salé
979,El Filali,Samira,F,2002-09-16,samira.elfilali@uit.ac.ma,4,2,2024,Casablanca
980,Regragui,Nour,F,2001-03-03,nour.regragui1@uit.ac.ma,4,3,2023,Oujda
981,El Mernissi,Younes,M,2002-12-26,younes.elmernissi@uit.ac.ma,4,2,2024,Fès
982,El Mesaoudi,Bouchra,F,1999-08-01,bouchra.elmesaoudi@uit.ac.ma,4,5,2021,Sidi Kacem
983,Lahlou,Sara,F,2001-05-04,sara.lahlou@uit.ac.ma,4,4,2022,Tanger
984,Aftyss,Youssef,M,2001-07-18,youssef.aftyss@uit.ac.ma,4,5,2021,Larache
985,Bouazza,Zakaria,M,2006-12-08,zakaria.bouazza@uit.ac.ma,4,2,2024,Sidi Kacem
986,Nadori,Sanaa,F,2004-11-21,sanaa.nadori@uit.ac.ma,4,4,2022,Rabat
987,Boudouma,Ahmed,M,2003-05-08,ahmed.boudouma@uit.ac.ma,4,3,2023,Rabat
988,Bakkali,Sara,F,2003-02-25,sara.bakkali@uit.ac.ma,4,4,2022,Oujda
989,Boudouma,Nora,F,2002-01-13,nora.boudouma@uit.ac.ma,4,5,2020,Meknès
990,El Amrani,Meryem,F,2003-01-10,meryem.elamrani@uit.ac.ma,4,2,2024,Oujda
991,Lemrini,Omar,M,1999-07-04,omar.lemrini1@uit.ac.ma,4,5,2020,Oujda
992,Zerrouq,Abdelkarim,M,2005-08-13,abdelkarim.zerrouq@uit.ac.ma,4,3,2023,Larache
993,Tazi,Lamia,F,1999-01-15,lamia.tazi@uit.ac.ma,4,4,2022,Tanger
994,Alaoui,Hamza,M,2005-10-26,hamza.alaoui@uit.ac.ma,4,3,2023,Salé
995,Bensaid,Nassim,M,2001-12-20,nassim.bensaid1@uit.ac.ma,4,4,2022,Larache
996,El Amrani,Youssef,M,1998-07-17,youssef.elamrani1@uit.ac.ma,4,5,2020,Meknès
997,Sabri,Houda,F,2000-06-10,houda.sabri@uit.ac.ma,4,4,2022,Meknès
998,El Amrani,Karim,M,1999-01-14,karim.elamrani@uit.ac.ma,4,5,2021,Meknès
999,Zerrouq,Rachid,M,2001-11-16,rachid.zerrouq@uit.ac.ma,4,5,2020,Larache
1000,El Mernissi,Marouane,M,2002-05-14,marouane.elmernissi1@uit.ac.ma,4,2,2024,Meknès
1001,Slaoui,Youssef,M,2003-11-08,youssef.slaoui@uit.ac.ma,4,5,2021,Salé
1002,Abdelmoumen,Mostafa,M,2003-12-13,mostafa.abdelmoumen@uit.ac.ma,4,3,2023,Salé
1003,El Fathi,Fatima,F,2000-01-18,fatima.elfathi@uit.ac.ma,4,5,2020,Rabat
1004,El Ansari,Marouane,M,2004-04-07,marouane.elansari1@uit.ac.ma,4,4,2022,Fès
1005,Bakkali,Imane,F,2005-03-07,imane.bakkali@uit.ac.ma,4,2,2024,Kénitra
1006,Benali,Hamza,M,2005-07-21,hamza.benali@uit.ac.ma,4,2,2024,Rabat
1007,Ziani,Jamal,M,2002-11-06,jamal.ziani@uit.ac.ma,4,4,2022,Tanger
1008,Benhaddane,Rania,F,2001-03-26,rania.benhaddane@uit.ac.ma,4,5,2020,Salé
1009,Lahlou,Amine,M,2000-04-02,amine.lahlou@uit.ac.ma,4,3,2023,Oujda
1010,Zerrouq,Hafsa,F,2002-01-21,hafsa.zerrouq@uit.ac.ma,4,5,2021,Fès
1011,Slaoui,Hana,F,2003-08-26,hana.slaoui@uit.ac.ma,4,5,2021,Oujda
1012,El Fathi,Nassim,M,2001-03-11,nassim.elfathi@uit.ac.ma,4,4,2022,Meknès
1013,El Baraka,Ismail,M,2000-11-26,ismail.elbaraka1@uit.ac.ma,4,5,2021,Oujda
1014,Bouzidi,Rachid,M,2003-04-10,rachid.bouzidi@uit.ac.ma,4,2,2024,Sidi Kacem
1015,Bensaid,Amine,M,2003-02-10,amine.bensaid@uit.ac.ma,4,4,2022,Larache
1016,Benkirane,Youssef,M,2002-07-15,youssef.benkirane1@uit.ac.ma,4,4,2022,Larache
1017,Lahlou,Ismail,M,2003-03-15,ismail.lahlou1@uit.ac.ma,4,5,2021,Salé
1018,Moussaoui,Hassan,M,2002-09-21,hassan.moussaoui@uit.ac.ma,4,2,2024,Rabat
1019,El Filali,Zineb,F,2002-09-07,zineb.elfilali@uit.ac.ma,4,5,2020,Meknès
1020,Abdelmoumen,Hicham,M,2001-05-07,hicham.abdelmoumen1@uit.ac.ma,4,2,2024,Oujda
1021,Bensaid,Bouchra,F,2000-05-27,bouchra.bensaid@uit.ac.ma,4,5,2020,Meknès
1022,Boudouma,Mounir,M,2005-08-21,mounir.boudouma1@uit.ac.ma,4,3,2023,Tanger
1023,El Ouazzani,Samira,F,1998-04-16,samira.elouazzani@uit.ac.ma,4,5,2021,Salé
1024,Aftyss,Asma,F,2004-02-11,asma.aftyss@uit.ac.ma,4,2,2024,Salé
1025,Squalli,Layla,F,2000-01-12,layla.squalli@uit.ac.ma,4,4,2022,Casablanca
1026,Slaoui,Mohamed,M,2004-06-08,mohamed.slaoui@uit.ac.ma,4,2,2024,Sidi Kacem
1027,El Khatib,Bouchra,F,2004-10-26,bouchra.elkhatib1@uit.ac.ma,4,4,2022,Kénitra
1028,El Mernissi,Zakaria,M,2001-10-19,zakaria.elmernissi1@uit.ac.ma,4,3,2023,Sidi Kacem
1029,Cherkaoui,Mounir,M,2003-08-04,mounir.cherkaoui@uit.ac.ma,4,4,2022,Meknès
1030,Bouazza,Hicham,M,1998-09-06,hicham.bouazza1@uit.ac.ma,4,5,2021,Kénitra
1031,El Hassani,Ahmed,M,2000-05-07,ahmed.elhassani1@uit.ac.ma,4,5,2021,Salé
1032,El Amrani,Jamal,M,2004-03-11,jamal.elamrani@uit.ac.ma,4,4,2022,Sidi Kacem
1033,Kettani,Meryem,F,1999-02-13,meryem.kettani@uit.ac.ma,4,4,2022,Salé
1034,Benhaddane,Adnane,M,2004-10-19,adnane.benhaddane@uit.ac.ma,4,3,2023,Fès
1035,El Yousfi,Jamal,M,2002-08-03,jamal.elyousfi1@uit.ac.ma,4,5,2021,Sidi Kacem
1036,El Mernissi,Zakaria,M,2003-08-19,zakaria.elmernissi2@uit.ac.ma,4,2,2024,Kénitra
1037,Chraibi,Jamal,M,2000-05-13,jamal.chraibi1@uit.ac.ma,4,3,2023,Oujda
1038,Ziani,Layla,F,1999-12-14,layla.ziani@uit.ac.ma,4,5,2021,Larache
1039,Tazi,Nour,F,2004-04-28,nour.tazi@uit.ac.ma,4,4,2022,Casablanca
1040,Benlahcen,Hafsa,F,2001-12-24,hafsa.benlahcen@uit.ac.ma,4,2,2024,Salé
1041,El Filali,Rayan,M,2006-02-17,rayan.elfilali1@uit.ac.ma,4,2,2024,Meknès
1042,Fennich,Nabil,M,2002-02-21,nabil.fennich@uit.ac.ma,4,5,2020,Larache
1043,Rahmouni,Sanaa,F,2000-02-23,sanaa.rahmouni@uit.ac.ma,4,5,2020,Casablanca
1044,Benkirane,Soukaina,F,1998-11-08,soukaina.benkirane1@uit.ac.ma,4,5,2020,Larache
1045,Nadori,Hind,F,2002-02-06,hind.nadori@uit.ac.ma,4,2,2024,Fès
1046,Cherkaoui,Hind,F,2005-11-09,hind.cherkaoui@uit.ac.ma,4,3,2023,Casablanca
1047,Regragui,Youssef,M,2001-12-02,youssef.regragui1@uit.ac.ma,4,4,2022,Tanger
1048,Taqi,Zineb,F,2002-01-20,zineb.taqi@uit.ac.ma,4,3,2023,Kénitra
1049,Ziani,Rachid,M,2003-04-03,rachid.ziani@uit.ac.ma,4,4,2022,Kénitra
1050,Berrada,Wiam,F,2005-04-04,wiam.berrada@uit.ac.ma,4,3,2023,Casablanca
1051,Tazi,Nassim,M,2004-09-21,nassim.tazi1@uit.ac.ma,4,2,2024,Salé
1052,Mansouri,Samira,F,2001-02-12,samira.mansouri@uit.ac.ma,4,5,2020,Meknès
1053,Alaoui,Othmane,M,2001-04-03,othmane.alaoui@uit.ac.ma,4,4,2022,Fès
1054,Squalli,Ali,M,2000-08-04,ali.squalli@uit.ac.ma,4,4,2022,Tanger
1055,Nadori,Nour,F,2003-10-11,nour.nadori@uit.ac.ma,4,5,2021,Sidi Kacem
1056,Bakkali,Meryem,F,1998-06-28,meryem.bakkali@uit.ac.ma,4,5,2021,Larache
1057,Bouzidi,Marouane,M,1999-12-08,marouane.bouzidi2@uit.ac.ma,4,4,2022,Tanger
1058,Benali,Rim,F,2005-05-08,rim.benali1@uit.ac.ma,4,3,2023,Sidi Kacem
1059,Benomar,Omar,M,2002-04-05,omar.benomar@uit.ac.ma,4,4,2022,Sidi Kacem
1060,Bouzidi,Abdelkarim,M,2003-03-09,abdelkarim.bouzidi@uit.ac.ma,4,3,2023,Meknès
1061,Zerrouq,Jihane,F,2001-05-25,jihane.zerrouq@uit.ac.ma,5,2,2024,Kénitra
1062,Ziani,Wiam,F,2003-11-08,wiam.ziani@uit.ac.ma,5,5,2021,Salé
1063,El Hassani,Othmane,M,2004-02-28,othmane.elhassani@uit.ac.ma,5,4,2022,Larache
1064,Squalli,Karim,M,2001-10-18,karim.squalli@uit.ac.ma,5,5,2020,Salé
1065,El Khatib,Jamal,M,2002-04-14,jamal.elkhatib@uit.ac.ma,5,5,2021,Casablanca
1066,Bouzidi,Samir,M,2005-05-28,samir.bouzidi@uit.ac.ma,5,2,2024,Larache
1067,Taqi,Samira,F,2000-07-17,samira.taqi@uit.ac.ma,5,5,2021,Oujda
1068,Benali,Dina,F,2002-02-25,dina.benali@uit.ac.ma,5,3,2023,Fès
1069,Bensaid,Tariq,M,2002-08-10,tariq.bensaid@uit.ac.ma,5,4,2022,Sidi Kacem
1070,Benomar,Zakaria,M,2004-03-07,,5,3,2023,Kénitra
1071,Slaoui,Amine,M,2001-07-24,amine.slaoui@uit.ac.ma,5,4,2022,Meknès
1072,Cherkaoui,Marouane,M,2004-02-13,marouane.cherkaoui@uit.ac.ma,5,4,2022,Oujda
1073,Boukhari,Yasmine,F,2001-06-17,yasmine.boukhari@uit.ac.ma,5,2,2024,Larache
1074,Ennaji,Omar,M,2001-12-08,omar.ennaji@uit.ac.ma,5,4,2022,Salé
1075,Tahiri,Oumaima,F,2005-12-22,oumaima.tahiri@uit.ac.ma,5,3,2023,Casablanca
1076,Bensaid,Karim,M,1999-11-27,,5,5,2021,Casablanca
1077,Rahmouni,Nihal,F,2005-09-07,nihal.rahmouni2@uit.ac.ma,5,3,2023,Sidi Kacem
1078,Fennich,Hicham,M,2001-07-19,hicham.fennich@uit.ac.ma,5,2,2024,Fès
1079,Tazi,Amina,F,2003-03-09,amina.tazi@uit.ac.ma,5,3,2023,Salé
1080,Alaoui,Hicham,M,2003-01-04,hicham.alaoui1@uit.ac.ma,5,2,2024,Rabat
1081,Ennaji,Soufiane,M,2000-03-06,soufiane.ennaji1@uit.ac.ma,5,5,2021,Meknès
1082,El Hassani,Ismail,M,2004-08-19,ismail.elhassani@uit.ac.ma,5,4,2022,Salé
1083,El Ansari,Tariq,M,2000-08-21,tariq.elansari@uit.ac.ma,5,5,2021,Oujda
1084,Moussaoui,Amina,F,2002-05-03,amina.moussaoui@uit.ac.ma,5,5,2020,Meknès
1085,Regragui,Ismail,M,2005-01-09,ismail.regragui@uit.ac.ma,5,3,2023,Kénitra
1086,Tazi,Nadia,F,2003-07-20,nadia.tazi1@uit.ac.ma,5,5,2021,Tanger
1087,El Baraka,Soukaina,F,2001-07-11,soukaina.elbaraka@uit.ac.ma,5,3,2023,Meknès
1088,Ziani,Othmane,M,2001-07-13,othmane.ziani@uit.ac.ma,5,2,2024,Oujda
1089,Tazi,Zakaria,M,1997-07-24,zakaria.tazi@uit.ac.ma,5,5,2020,Casablanca
1090,El Yousfi,Sami,M,2005-06-15,sami.elyousfi@uit.ac.ma,5,2,2024,Oujda
1091,El Ghazi,Narjiss,F,2005-11-27,,5,3,2023,Meknès
1092,Abdelmoumen,Youssef,M,2001-04-20,youssef.abdelmoumen@uit.ac.ma,5,4,2022,Larache
1093,Chraibi,Hassan,M,2001-11-28,hassan.chraibi@uit.ac.ma,5,4,2022,Rabat
1094,Benhaddane,Rachid,M,1999-10-26,rachid.benhaddane@uit.ac.ma,5,5,2021,Tanger
1095,El Khatib,Hassan,M,2002-08-06,hassan.elkhatib@uit.ac.ma,5,2,2024,Larache
1096,Ziani,Ayoub,M,2002-11-23,ayoub.ziani@uit.ac.ma,5,5,2021,Rabat
1097,Nadori,Khadija,F,2004-07-25,khadija.nadori@uit.ac.ma,5,2,2024,Fès
1098,Benlahcen,Mostafa,M,2001-09-21,mostafa.benlahcen1@uit.ac.ma,5,5,2020,Larache
1099,El Mernissi,Rim,F,2001-02-21,rim.elmernissi@uit.ac.ma,5,3,2023,Meknès
1100,Ennaji,Nihal,F,2001-07-26,nihal.ennaji@uit.ac.ma,5,3,2023,Salé
1101,El Filali,Hassan,M,1997-10-07,hassan.elfilali@uit.ac.ma,5,5,2020,Rabat
1102,Taqi,Othmane,M,2005-05-02,othmane.taqi1@uit.ac.ma,5,3,2023,Oujda
1103,Lahlou,Rania,F,2000-03-17,rania.lahlou@uit.ac.ma,5,3,2023,Oujda
1104,Kettani,Mohamed,M,2004-03-27,mohamed.kettani@uit.ac.ma,5,2,2024,Fès
1105,Sabri,Jamal,M,2004-12-22,jamal.sabri@uit.ac.ma,5,3,2023,Kénitra
1106,El Yousfi,Anas,M,2001-10-16,anas.elyousfi1@uit.ac.ma,5,2,2024,Salé
1107,El Amrani,Nihal,F,2004-03-27,nihal.elamrani1@uit.ac.ma,5,2,2024,Salé
1108,Afilal,Rim,F,2004-08-24,rim.afilal@uit.ac.ma,5,3,2023,Sidi Kacem
1109,Benali,Hind,F,2002-07-22,hind.benali@uit.ac.ma,5,4,2022,Larache
1110,Cherkaoui,Samira,F,2002-05-23,samira.cherkaoui@uit.ac.ma,5,4,2022,Salé
1111,Benomar,Hamza,M,2000-01-28,hamza.benomar1@uit.ac.ma,5,4,2022,Fès
1112,Bouzidi,Ibrahim,M,2003-03-07,ibrahim.bouzidi@uit.ac.ma,5,3,2023,Salé
1113,El Fathi,Mohamed,M,2001-02-22,mohamed.elfathi@uit.ac.ma,5,3,2023,Casablanca
1114,El Amrani,Hind,F,1999-03-02,hind.elamrani@uit.ac.ma,5,5,2020,Rabat
1115,Mansouri,Hana,F,2001-12-13,hana.mansouri@uit.ac.ma,5,2,2024,Salé
1116,El Khatib,Ismail,M,2004-11-24,ismail.elkhatib1@uit.ac.ma,5,3,2023,Sidi Kacem
1117,Boukhari,Amina,F,1999-07-09,amina.boukhari1@uit.ac.ma,5,4,2022,Larache
1118,El Filali,Hassan,M,1999-09-08,hassan.elfilali1@uit.ac.ma,5,4,2022,Kénitra
1119,El Yousfi,Dina,F,2005-10-06,dina.elyousfi@uit.ac.ma,5,3,2023,Sidi Kacem
1120,El Khatib,Rania,F,2005-06-03,rania.elkhatib@uit.ac.ma,5,3,2023,Tanger
1121,Rahmouni,Khadija,F,2000-09-16,khadija.rahmouni@uit.ac.ma,5,4,2022,Rabat
1122,El Ansari,Anas,M,2000-02-06,anas.elansari@uit.ac.ma,5,3,2023,Oujda
1123,Lahlou,Khalid,M,2001-10-07,khalid.lahlou@uit.ac.ma,5,5,2020,Casablanca
1124,Bouazza,Youssef,M,2002-05-12,youssef.bouazza@uit.ac.ma,5,2,2024,Tanger
1125,Ziani,Fatima,F,1999-05-22,fatima.ziani@uit.ac.ma,5,5,2021,Tanger
1126,El Hajji,Othmane,M,2004-10-18,othmane.elhajji@uit.ac.ma,5,2,2024,Tanger
1127,Ziani,Youssef,M,2001-05-28,youssef.ziani1@uit.ac.ma,5,5,2020,Salé
1128,Boudouma,Nabil,M,2003-12-20,nabil.boudouma1@uit.ac.ma,5,4,2022,Sidi Kacem
1129,Ennaji,Reda,M,2003-08-03,reda.ennaji@uit.ac.ma,5,2,2024,Fès
1130,Kettani,Houda,F,1998-12-09,houda.kettani@uit.ac.ma,5,5,2021,Salé
1131,Hilali,Nassim,M,2002-06-26,nassim.hilali@uit.ac.ma,5,5,2021,Sidi Kacem
1132,Cherkaoui,Ghita,F,1999-02-22,ghita.cherkaoui@uit.ac.ma,5,5,2021,Tanger
1133,El Fathi,Hassan,M,2004-03-28,hassan.elfathi2@uit.ac.ma,5,2,2024,Salé
1134,Taqi,Bilal,M,2006-03-17,bilal.taqi1@uit.ac.ma,5,2,2024,Fès
1135,El Hajji,Zineb,F,2000-05-18,zineb.elhajji@uit.ac.ma,5,4,2022,Fès
1136,Lahlou,Hind,F,2003-03-12,hind.lahlou@uit.ac.ma,5,2,2024,Tanger
1137,El Baraka,Samira,F,2003-01-22,samira.elbaraka@uit.ac.ma,5,3,2023,Tanger
1138,Taqi,Houda,F,2003-01-24,houda.taqi@uit.ac.ma,5,3,2023,Meknès
1139,El Ghazi,Abdelkarim,M,2004-08-12,abdelkarim.elghazi@uit.ac.ma,5,3,2023,Larache
1140,El Hajji,Adnane,M,2005-05-21,adnane.elhajji@uit.ac.ma,5,2,2024,Rabat
1141,Bouazza,Othmane,M,2005-12-08,othmane.bouazza@uit.ac.ma,5,3,2023,Rabat
1142,Lemrini,Walid,M,2006-07-22,walid.lemrini@uit.ac.ma,5,2,2024,Tanger
1143,Fennich,Ismail,M,2000-09-23,ismail.fennich@uit.ac.ma,5,3,2023,Rabat
1144,Benhaddane,Mohamed,M,2000-12-12,mohamed.benhaddane@uit.ac.ma,5,4,2022,Salé
1145,Regragui,Jihane,F,2001-08-06,jihane.regragui@uit.ac.ma,5,3,2023,Tanger
1146,Benomar,Amine,M,2004-07-16,amine.benomar@uit.ac.ma,5,4,2022,Sidi Kacem
1147,Regragui,Wiam,F,1999-02-10,wiam.regragui@uit.ac.ma,5,5,2021,Fès
1148,Abdelmoumen,Mohamed,M,2002-04-10,mohamed.abdelmoumen1@uit.ac.ma,5,3,2023,Tanger
1149,El Mesaoudi,Jamal,M,2006-06-01,jamal.elmesaoudi@uit.ac.ma,5,2,2024,Oujda
1150,Alaoui,Hamza,M,1999-03-13,,5,4,2022,Meknès
1151,Bouazza,Rachid,M,2003-07-04,,5,4,2022,Larache
1152,El Ouazzani,Yasmine,F,2002-05-12,yasmine.elouazzani@uit.ac.ma,5,4,2022,Sidi Kacem
1153,Tazi,Adam,M,2001-08-06,adam.tazi1@uit.ac.ma,5,2,2024,Casablanca
1154,Benhaddane,Ilyass,M,2002-05-02,ilyass.benhaddane@uit.ac.ma,5,5,2021,Casablanca
1155,Nadori,Nadia,F,2002-11-09,nadia.nadori@uit.ac.ma,5,3,2023,Rabat
1156,Lahlou,Ibrahim,M,2002-09-24,ibrahim.lahlou@uit.ac.ma,5,3,2023,Sidi Kacem
1157,Benomar,Khadija,F,1999-01-25,khadija.benomar@uit.ac.ma,5,5,2021,Salé
1158,Hilali,Rania,F,2002-08-10,rania.hilali@uit.ac.ma,5,3,2023,Fès
1159,El Mesaoudi,Ghita,F,1999-03-08,ghita.elmesaoudi1@uit.ac.ma,5,5,2021,Fès
1160,Benlahcen,Ghita,F,2005-08-23,ghita.benlahcen@uit.ac.ma,5,2,2024,Rabat
1161,Berrada,Tariq,M,2002-11-21,tariq.berrada@uit.ac.ma,5,2,2024,Casablanca
1162,El Yousfi,Youssef,M,2005-07-01,youssef.elyousfi@uit.ac.ma,5,2,2024,Oujda
1163,El Ghazi,Nihal,F,1999-11-08,nihal.elghazi@uit.ac.ma,5,4,2022,Salé
1164,Mansouri,Nassim,M,2003-02-09,nassim.mansouri@uit.ac.ma,5,3,2023,Meknès
1165,Ziani,Soufiane,M,2004-03-02,soufiane.ziani@uit.ac.ma,5,4,2022,Kénitra
1166,Moussaoui,Loubna,F,2000-02-14,loubna.moussaoui@uit.ac.ma,5,4,2022,Casablanca
1167,El Khatib,Zakaria,M,1997-01-22,zakaria.elkhatib1@uit.ac.ma,5,5,2020,Tanger
1168,Abdelmoumen,Amine,M,2001-10-17,amine.abdelmoumen@uit.ac.ma,5,2,2024,Oujda
1169,Boudouma,Loubna,F,2004-03-21,loubna.boudouma@uit.ac.ma,5,4,2022,Oujda
1170,Berrada,Rachid,M,2005-02-18,rachid.berrada@uit.ac.ma,5,3,2023,Oujda
1171,Kettani,Sanaa,F,2005-03-07,sanaa.kettani@uit.ac.ma,5,3,2023,Sidi Kacem
1172,Chraibi,Rayan,M,2003-11-23,rayan.chraibi@uit.ac.ma,5,2,2024,Rabat
1173,El Hajji,Soufiane,M,2002-01-06,soufiane.elhajji1@uit.ac.ma,5,2,2024,Oujda
1174,Idrissi,Hafsa,F,2006-12-07,hafsa.idrissi@uit.ac.ma,5,2,2024,Sidi Kacem
1175,Cherkaoui,Nassim,M,1999-07-18,nassim.cherkaoui@uit.ac.ma,5,5,2021,Sidi Kacem
1176,Alaoui,Tariq,M,2002-10-23,tariq.alaoui@uit.ac.ma,5,5,2021,Kénitra
1177,Fennich,Asma,F,2001-05-10,asma.fennich@uit.ac.ma,5,3,2023,Salé
1178,Nadori,Anas,M,1999-04-10,anas.nadori@uit.ac.ma,5,5,2021,Kénitra
1179,Benomar,Chaima,F,2003-11-08,chaima.benomar@uit.ac.ma,5,5,2021,Salé
1180,Tahiri,Ilyass,M,2003-06-03,ilyass.tahiri1@uit.ac.ma,5,3,2023,Tanger
1181,Moussaoui,Badr,M,2004-11-27,badr.moussaoui@uit.ac.ma,5,4,2022,Kénitra
1182,El Hassani,Adam,M,2003-09-22,adam.elhassani@uit.ac.ma,5,5,2021,Oujda
1183,Ennaji,Nihal,F,1998-11-20,nihal.ennaji1@uit.ac.ma,5,5,2021,Tanger
1184,El Yousfi,Othmane,M,1998-07-05,othmane.elyousfi1@uit.ac.ma,5,5,2021,Larache
1185,Sabri,Oumaima,F,2006-08-06,oumaima.sabri@uit.ac.ma,5,2,2024,Larache
1186,El Mernissi,Sanaa,F,1999-03-21,sanaa.elmernissi@uit.ac.ma,5,4,2022,Fès
1187,Rahmouni,Tariq,M,2004-02-05,tariq.rahmouni@uit.ac.ma,5,3,2023,Rabat
1188,Tazi,Mounir,M,2004-12-25,mounir.tazi@uit.ac.ma,5,3,2023,Kénitra
1189,El Filali,Ahmed,M,2001-01-05,ahmed.elfilali1@uit.ac.ma,5,2,2024,Salé
1190,Alaoui,Abdelkarim,M,2005-02-18,abdelkarim.alaoui@uit.ac.ma,5,3,2023,Meknès
1191,El Baraka,Ibrahim,M,2002-03-10,ibrahim.elbaraka@uit.ac.ma,5,3,2023,Meknès
1192,Afilal,Ayoub,M,1999-02-01,ayoub.afilal@uit.ac.ma,5,5,2021,Kénitra
1193,El Ghazi,Nassim,M,2002-01-08,nassim.elghazi@uit.ac.ma,5,5,2021,Sidi Kacem
1194,El Ouazzani,Walid,M,2001-07-22,walid.elouazzani@uit.ac.ma,5,2,2024,Rabat
1195,Tazi,Rim,F,2004-06-03,rim.tazi@uit.ac.ma,5,2,2024,Oujda
1196,Idrissi,Hassan,M,2004-07-17,hassan.idrissi@uit.ac.ma,5,3,2023,Meknès
1197,Benlahcen,Houda,F,2001-05-12,houda.benlahcen@uit.ac.ma,5,3,2023,Rabat
1198,Bensaid,Amine,M,2001-02-26,amine.bensaid1@uit.ac.ma,5,2,2024,Kénitra
1199,Lahlou,Houda,F,2000-12-26,houda.lahlou@uit.ac.ma,5,5,2021,Larache
1200,Aftyss,Adnane,M,2003-06-05,adnane.aftyss@uit.ac.ma,5,5,2021,Casablanca
