teacher_id,course_id,heures
24,1,21
13,2,24
10,3,30
18,4,24
12,5,21
20,6,28
23,7,21
9,8,15
10,9,28
23,10,24
25,11,15
15,12,30
4,13,21
4,14,15
23,15,30
21,16,18
1,17,18
22,18,28
15,19,30
9,20,30
12,21,28
8,22,15
18,23,21
1,24,18
9,25,30
14,26,15
3,27,30
22,28,30
20,29,30
13,30,28
12,31,18
22,32,30
19,33,30
17,34,21
25,35,18
24,36,21
22,37,24
2,38,28
19,39,24
28,40,15
26,41,24
33,42,18
26,43,28
29,44,21
26,45,24
30,46,21
26,47,18
33,48,15
28,49,28
31,50,18
32,51,15
30,52,21
26,53,21
28,54,15
31,55,24
33,56,30
32,57,28
28,58,28
30,59,18
28,60,30
26,61,18
30,62,15
28,63,24
39,64,15
39,65,28
36,66,21
37,67,30
40,68,30
37,69,15
40,70,24
41,71,28
37,72,18
35,73,30
41,74,21
40,75,15
41,76,15
40,77,28
37,78,30
34,79,18
41,80,24
37,81,28
46,82,21
51,83,18
46,84,30
54,85,28
48,86,18
46,87,28
